{
  "id": "783d67c1-c8bb-4103-a994-187eeceee9a1",
  "generation": 1,
  "iteration": 2,
  "timestamp": 1765056504.238637,
  "parent_id": "465eff3b-b487-4990-bb49-c1e55a6f973f",
  "metrics": {
    "validity": 1.0,
    "sum_radii": 2.4,
    "target_ratio": 0.9108159392789374,
    "combined_score": 0.9108159392789374,
    "eval_time": 0.176530122756958
  },
  "language": "python",
  "saved_at": 1765056544.418056
}