{
  "id": "f4f5fc4a-13ee-4832-a0e2-95cc72708016",
  "generation": 6,
  "iteration": 37,
  "timestamp": 1765059745.5644002,
  "parent_id": "2d789544-0319-415c-b5ca-f47a7385510d",
  "metrics": {
    "validity": 1.0,
    "sum_radii": 2.3465582270459344,
    "target_ratio": 0.8905344315164837,
    "combined_score": 0.8905344315164837,
    "eval_time": 4.89988112449646
  },
  "language": "python",
  "saved_at": 1765059850.801347
}