{
  "id": "8d7dfd13-137e-4cc0-8c13-663e4f06112f",
  "generation": 6,
  "iteration": 32,
  "timestamp": 1764976801.328853,
  "parent_id": "b5841700-fecb-472f-a2a2-ce5d7e33d8f3",
  "metrics": {
    "validity": 1.0,
    "sum_radii": 2.4023510075997776,
    "target_ratio": 0.9117081622769555,
    "combined_score": 0.9117081622769555,
    "eval_time": 0.5483059883117676
  },
  "language": "python",
  "saved_at": 1764976973.524805
}