{
  "best_score": 0.9644862832020152,
  "best_convergence_rate": 10.368213808910607,
  "total_inner_iterations": 50,
  "total_outer_iterations": 5,
  "total_wall_clock_time": 532.2465908527374,
  "comparison_to_baseline": null,
  "iteration_scores": [
    0.937651111240476,
    0.9615182516866245,
    0.9615182516866245,
    0.9644862832020152,
    0.9644862832020152
  ],
  "iteration_convergence_rates": [
    13.864431923726412,
    10.400218594351939,
    10.400218594351939,
    10.368213808910607,
    11.405035189801668
  ]
}