{
  "id": "04cacaf6-a1ff-4a24-a6a0-123ffe1bab5d",
  "generation": 3,
  "iteration": 11,
  "timestamp": 1764930449.1369228,
  "parent_id": "695767b5-cb18-4152-a7b2-e1828cc0b548",
  "metrics": {
    "validity": 1.0,
    "sum_radii": 2.4707106781186545,
    "target_ratio": 0.9376511112404762,
    "combined_score": 0.9376511112404762,
    "eval_time": 0.04141688346862793
  },
  "language": "python",
  "saved_at": 1764930819.79123
}