{
  "id": "1e704eeb-4a56-44c1-8007-e9aa1ca622e2",
  "generation": 3,
  "iteration": 13,
  "timestamp": 1764896686.666218,
  "parent_id": "7d509b93-2a25-4700-a4b2-5728d6e693cb",
  "metrics": {
    "validity": 1.0,
    "sum_radii": 2.5310120181994424,
    "target_ratio": 0.9605358702844184,
    "combined_score": 0.9605358702844184,
    "eval_time": 3.6055517196655273
  },
  "language": "python",
  "saved_at": 1764896699.425144
}