{
  "id": "792d2f3a-f064-404e-8ce5-caa4ddf86f2d",
  "generation": 2,
  "iteration": 8,
  "timestamp": 1764978482.9614139,
  "parent_id": "e081c8a0-dee2-4445-ae9c-560fe4b875e6",
  "metrics": {
    "validity": 1.0,
    "sum_radii": 2.0686203109759416,
    "target_ratio": 0.7850551464804333,
    "combined_score": 0.7850551464804333,
    "eval_time": 0.27922677993774414
  },
  "language": "python",
  "saved_at": 1764978503.310064
}