{
  "id": "c2404290-96a3-4e32-8e26-a828f04f4967",
  "generation": 5,
  "iteration": 37,
  "timestamp": 1764925746.326742,
  "parent_id": "f7052cd9-6cb3-4ea8-8967-f0492088d687",
  "metrics": {
    "validity": 1.0,
    "sum_radii": 2.503053042888006,
    "target_ratio": 0.949925253467934,
    "combined_score": 0.949925253467934,
    "eval_time": 0.054718971252441406
  },
  "language": "python",
  "saved_at": 1764925819.066439
}