{
  "id": "aaa0a07f-ec9c-4824-9da4-1d7f598c6d77",
  "generation": 1,
  "iteration": 5,
  "timestamp": 1764875404.3132238,
  "parent_id": "3fa7e8bd-267a-4451-844d-69bd6779477b",
  "metrics": {
    "validity": 1.0,
    "sum_radii": 1.089027839238256,
    "target_ratio": 0.4132932976236266,
    "combined_score": 0.4132932976236266
  },
  "language": "python",
  "saved_at": 1764875404.542722
}