{
  "best_score": 0.9311291506273407,
  "best_convergence_rate": 5.369824364999518,
  "total_inner_iterations": 50,
  "total_outer_iterations": 10,
  "total_wall_clock_time": 585.3400790691376,
  "comparison_to_baseline": null,
  "iteration_scores": [
    0.8222643896268185,
    0.8222643896268185,
    0.9255932223412299,
    0.9255932223412299,
    0.9255932223412299,
    0.9255932223412299,
    0.9297806307305871,
    0.9297806307305874,
    0.9311291506273407,
    0.9311291506273407
  ],
  "iteration_convergence_rates": [
    7.296923076923077,
    6.0807692307692305,
    5.401941024754713,
    5.401941024754713,
    5.401941024754713,
    5.401941024754713,
    5.3776125622999755,
    5.377612562299974,
    5.369824364999518,
    5.369824364999518
  ]
}