{
  "best_score": 0.8880455407969636,
  "best_convergence_rate": 5.6303418803418825,
  "total_inner_iterations": 10,
  "total_outer_iterations": 2,
  "total_wall_clock_time": 119.35068702697754,
  "comparison_to_baseline": null,
  "iteration_scores": [
    0.8880455407969636,
    0.8880455407969636
  ],
  "iteration_convergence_rates": [
    6.756410256410259,
    5.6303418803418825
  ]
}