{
  "id": "6e332004-b2ae-46e2-93ba-faaad906e979",
  "generation": 6,
  "iteration": 321,
  "current_iteration": 400,
  "metrics": {
    "runs_successfully": 1.0,
    "composite_score": 0.41069177655857453,
    "output_length": 91.0,
    "overall_score": 0.36931604257091033,
    "slope_changes": 70.2,
    "lag_error": 1.0017800350739763,
    "avg_error": 1.30369374594483,
    "false_reversals": 59.0,
    "correlation": 0.30346716971522963,
    "noise_reduction": 0.0,
    "smoothness_score": 0.22172949002217296,
    "responsiveness_score": 0.49955538694492213,
    "accuracy_score": 0.30346716971522963,
    "efficiency_score": 1.0,
    "execution_time": 0.000561666488647461,
    "success_rate": 1.0
  },
  "language": "python",
  "timestamp": 1764939021.028569,
  "saved_at": 1764939631.230308
}