{
  "best_score": 0.9487666034155596,
  "best_convergence_rate": 6.324000000000001,
  "total_inner_iterations": 10,
  "total_outer_iterations": 2,
  "total_wall_clock_time": 119.96508121490479,
  "comparison_to_baseline": null,
  "iteration_scores": [
    0.9376511112404762,
    0.9487666034155596
  ],
  "iteration_convergence_rates": [
    6.398968580181419,
    6.324000000000001
  ]
}