{
  "id": "0239a6b9-b137-4466-9053-f548462172c5",
  "generation": 7,
  "iteration": 663,
  "current_iteration": 800,
  "metrics": {
    "runs_successfully": 1.0,
    "composite_score": 0.40264530183088354,
    "output_length": 91.0,
    "overall_score": 0.36425715722520524,
    "slope_changes": 81.0,
    "lag_error": 0.8922492537872657,
    "avg_error": 1.1866489466626988,
    "false_reversals": 66.8,
    "correlation": 0.3179753804840611,
    "noise_reduction": 0.0,
    "smoothness_score": 0.19801980198019803,
    "responsiveness_score": 0.5284716048895449,
    "accuracy_score": 0.3179753804840611,
    "efficiency_score": 1.0,
    "execution_time": 0.0009050369262695312,
    "success_rate": 1.0
  },
  "language": "python",
  "timestamp": 1764941817.799372,
  "saved_at": 1764943063.656759
}