{
  "id": "361ba5da-2b7c-4b4d-aa9b-4293ea954385",
  "generation": 1,
  "iteration": 2,
  "timestamp": 1764972012.176506,
  "parent_id": "925b0d5e-7279-42e1-a1cb-c054f378a815",
  "metrics": {
    "validity": 1.0,
    "sum_radii": 2.438966267382074,
    "target_ratio": 0.9256038965396866,
    "combined_score": 0.9256038965396866,
    "eval_time": 0.25371408462524414
  },
  "language": "python",
  "saved_at": 1764972170.415494
}