{
  "id": "db70521a-461d-49b8-8246-2abccc90392a",
  "generation": 2,
  "iteration": 21,
  "timestamp": 1764920050.8978791,
  "parent_id": "f14f4d60-03ef-4222-84b1-ac3c3353c735",
  "metrics": {
    "validity": 1.0,
    "sum_radii": 2.5414213562373096,
    "target_ratio": 0.9644862832020151,
    "combined_score": 0.9644862832020151,
    "eval_time": 0.17578697204589844
  },
  "language": "python",
  "saved_at": 1764920148.888756
}