{
  "id": "169660b2-4bbb-438f-84b9-5cab0e498a8f",
  "generation": 2,
  "iteration": 8,
  "timestamp": 1764902129.85938,
  "parent_id": "4c38bd4d-e74f-4ec3-b402-7f1e04de99cb",
  "metrics": {
    "validity": 1.0,
    "sum_radii": 2.5254805064601724,
    "target_ratio": 0.9584366248425703,
    "combined_score": 0.9584366248425703,
    "eval_time": 2.41207218170166
  },
  "language": "python",
  "saved_at": 1764902139.670391
}