{
  "id": "99c42a85-1921-462f-b845-395e9a1f941e",
  "generation": 1,
  "iteration": 3,
  "timestamp": 1764975633.497729,
  "parent_id": "bead681e-2646-48aa-b2ba-f2d783198e0f",
  "metrics": {
    "validity": 1.0,
    "sum_radii": 2.28905849276723,
    "target_ratio": 0.8687129004809222,
    "combined_score": 0.8687129004809222,
    "eval_time": 0.22744011878967285
  },
  "language": "python",
  "saved_at": 1764975656.775926
}