{
  "iterations": [
    0,
    1,
    2,
    3,
    4,
    5,
    6,
    7,
    8,
    9,
    10
  ],
  "best_scores": [
    0.36423689449571406,
    0.4831477218099014,
    0.7543058406529944,
    0.8197487694029042,
    0.8841409607981014,
    0.8841409607981014,
    0.8841409607981014,
    0.8841409607981014,
    0.8841409607981014,
    0.8841409607981014,
    0.8841409607981014
  ],
  "final_score": 0.8841409607981014,
  "outer_iterations": 2,
  "inner_per_outer": 5,
  "total_programs": 12
}