{
  "best_score": 0.8841409607981014,
  "best_convergence_rate": 6.7862481957445855,
  "total_inner_iterations": 10,
  "total_outer_iterations": 2,
  "total_wall_clock_time": 181.64415907859802,
  "comparison_to_baseline": null,
  "iteration_scores": [
    0.8841409607981014,
    0.8841409607981014
  ],
  "iteration_convergence_rates": [
    6.7862481957445855,
    6.7862481957445855
  ]
}