{
  "id": "3326c90d-19f2-4efc-91f2-ce749f5f4e81",
  "generation": 4,
  "iteration": 6,
  "timestamp": 1764992004.676529,
  "parent_id": "d9e2ce23-b220-4ff3-a533-2345ba79dc93",
  "metrics": {
    "validity": 1.0,
    "sum_radii": 2.2212497683434345,
    "target_ratio": 0.8429790392195198,
    "combined_score": 0.8429790392195198,
    "eval_time": 5.288421869277954
  },
  "language": "python",
  "saved_at": 1764992004.817228
}