{
  "iterations": [
    0,
    1,
    2,
    3,
    4,
    5,
    6,
    7,
    8,
    9,
    10
  ],
  "best_scores": [
    0.36423689449571406,
    0.5564193697834249,
    0.5564193697834249,
    0.9256038965387609,
    0.9256038965387609,
    0.9256038965387609,
    0.9256038965387609,
    0.935300108488192,
    0.935300108488192,
    0.935300108488192,
    0.935300108488192
  ],
  "final_score": 0.935300108488192,
  "outer_iterations": 2,
  "inner_per_outer": 5,
  "total_programs": 12
}