{
  "id": "8fdc2995-893c-40c0-9880-582669987e34",
  "generation": 1,
  "iteration": 2,
  "timestamp": 1764895389.36553,
  "parent_id": "6af82a13-33f0-4974-96ab-6015ffa81eab",
  "metrics": {
    "validity": 1.0,
    "sum_radii": 2.0799999999979204,
    "target_ratio": 0.7893738140409565,
    "combined_score": 0.7893738140409565,
    "eval_time": 0.21731185913085938
  },
  "language": "python",
  "saved_at": 1764895397.920639
}