{
  "id": "24317cfe-e955-4497-9d36-75a8be690c8b",
  "generation": 2,
  "iteration": 6,
  "timestamp": 1764894084.2929878,
  "parent_id": "25760e8d-f240-4582-b456-7e4c26946281",
  "metrics": {
    "validity": 1.0,
    "sum_radii": 2.4389662658725713,
    "target_ratio": 0.9256038959668202,
    "combined_score": 0.9256038959668202,
    "eval_time": 0.05466961860656738
  },
  "language": "python",
  "saved_at": 1764894106.585516
}