{
  "id": "adf009d4-c4f2-4b9a-8d3b-58073ca36d2e",
  "generation": 3,
  "iteration": 32,
  "timestamp": 1764903813.749491,
  "parent_id": "afd4d530-5900-419a-b194-d6d2b85e57e7",
  "metrics": {
    "validity": 1.0,
    "sum_radii": 2.54142135623731,
    "target_ratio": 0.9644862832020152,
    "combined_score": 0.9644862832020152,
    "eval_time": 0.5716819763183594
  },
  "language": "python",
  "saved_at": 1764903938.7724721
}