{
  "id": "2881676a-e729-4688-b353-b993ebc170f3",
  "generation": 3,
  "iteration": 12,
  "timestamp": 1764968004.00702,
  "parent_id": "64fa8176-db95-4a2e-b30b-3e3bfc8ceeea",
  "metrics": {
    "validity": 1.0,
    "sum_radii": 2.3146925639128058,
    "target_ratio": 0.8784412007259226,
    "combined_score": 0.8784412007259226,
    "eval_time": 0.24394917488098145
  },
  "language": "python",
  "saved_at": 1764968038.175027
}