{
  "best_score": 0.9256038965393348,
  "best_convergence_rate": 21.607514915155797,
  "total_inner_iterations": 50,
  "total_outer_iterations": 2,
  "total_wall_clock_time": 330.92705607414246,
  "comparison_to_baseline": null,
  "iteration_scores": [
    0.9256038965393348,
    0.9256038965393348
  ],
  "iteration_convergence_rates": [
    21.607514915155797,
    21.607514915155797
  ]
}