{
  "id": "4393aa64-8e9c-4a4a-86d5-a525435437b6",
  "generation": 6,
  "iteration": 36,
  "timestamp": 1764926372.8431842,
  "parent_id": "52d8bd0b-d365-4327-b5e2-b10718105ee2",
  "metrics": {
    "validity": 1.0,
    "sum_radii": 2.5087163818548497,
    "target_ratio": 0.9520745282181593,
    "combined_score": 0.9520745282181593,
    "eval_time": 10.413455963134766
  },
  "language": "python",
  "saved_at": 1764926464.191262
}