{
  "id": "4598f025-8aa2-4a44-bef7-f66c0eb62d5b",
  "generation": 0,
  "iteration": 0,
  "timestamp": 1764889607.813007,
  "parent_id": null,
  "metrics": {
    "validity": 1.0,
    "sum_radii": 0.9597642169962064,
    "target_ratio": 0.36423689449571406,
    "combined_score": 0.36423689449571406
  },
  "language": "python",
  "saved_at": 1764889665.519328
}