{
  "id": "cce7936c-0b5c-4b8c-ba6b-8f71c754ac5a",
  "generation": 1,
  "iteration": 1,
  "timestamp": 1764895428.9527218,
  "parent_id": "a247a121-0e10-40aa-b29d-d3ad8e2220b4",
  "metrics": {
    "validity": 1.0,
    "sum_radii": 2.3399999999999994,
    "target_ratio": 0.8880455407969639,
    "combined_score": 0.8880455407969639,
    "eval_time": 0.2320098876953125
  },
  "language": "python",
  "saved_at": 1764895443.92697
}