{
  "best_score": 0.8622532806420076,
  "best_convergence_rate": 6.9585122315018415,
  "total_inner_iterations": 10,
  "total_outer_iterations": 2,
  "total_wall_clock_time": 173.5514817237854,
  "comparison_to_baseline": null,
  "iteration_scores": [
    0.8478743991324822,
    0.8622532806420076
  ],
  "iteration_convergence_rates": [
    7.076519831403103,
    6.9585122315018415
  ]
}