{
  "id": "2d718df0-b8a8-4980-aa27-e76c40e8f980",
  "generation": 1,
  "iteration": 3,
  "timestamp": 1765057099.1385238,
  "parent_id": "7557efa8-1496-428d-96c2-3ffb52728d2f",
  "metrics": {
    "validity": 1.0,
    "sum_radii": 2.4,
    "target_ratio": 0.9108159392789374,
    "combined_score": 0.9108159392789374,
    "eval_time": 0.21109294891357422
  },
  "language": "python",
  "saved_at": 1765057124.2859259
}