{
  "id": "b01a994f-a798-4849-8526-207f669f17e7",
  "generation": 5,
  "iteration": 282,
  "current_iteration": 300,
  "metrics": {
    "runs_successfully": 1.0,
    "composite_score": 0.4095431414698137,
    "output_length": 91.0,
    "overall_score": 0.31113303303002066,
    "slope_changes": 153.4,
    "lag_error": 0.47341340542714,
    "avg_error": 0.928013591646535,
    "false_reversals": 125.6,
    "correlation": 0.12123862846191749,
    "noise_reduction": 0.0,
    "smoothness_score": 0.11534025374855825,
    "responsiveness_score": 0.6786961461845135,
    "accuracy_score": 0.12123862846191749,
    "efficiency_score": 1.0,
    "execution_time": 0.0005654335021972656,
    "success_rate": 1.0
  },
  "language": "python",
  "timestamp": 1764932599.947128,
  "saved_at": 1764932678.212584
}