{
  "id": "8b98c9d7-fa2c-4120-b1f1-d921b7a8396a",
  "generation": 6,
  "iteration": 46,
  "timestamp": 1764924971.837476,
  "parent_id": "9bbbf7d8-3a7f-45e5-a849-b771d5221db3",
  "metrics": {
    "validity": 1.0,
    "sum_radii": 2.541269423657434,
    "target_ratio": 0.9644286237789124,
    "combined_score": 0.9644286237789124,
    "eval_time": 0.6254489421844482
  },
  "language": "python",
  "saved_at": 1764924972.5381079
}