{
  "id": "2671e1f2-c543-486e-a677-f803e6727384",
  "generation": 0,
  "iteration": 0,
  "timestamp": 1764886418.890222,
  "parent_id": null,
  "metrics": {
    "validity": 1.0,
    "sum_radii": 0.9597642169962064,
    "target_ratio": 0.36423689449571406,
    "combined_score": 0.36423689449571406
  },
  "language": "python",
  "saved_at": 1764886475.86296
}