{
  "id": "8c6ab6b6-0ee2-41db-a5f6-19e2a0c85fde",
  "generation": 2,
  "iteration": 8,
  "timestamp": 1764974950.26571,
  "parent_id": "b0048dd3-34b9-44e9-9846-778f46ab4f0b",
  "metrics": {
    "validity": 1.0,
    "sum_radii": 2.5414213562373087,
    "target_ratio": 0.9644862832020148,
    "combined_score": 0.9644862832020148,
    "eval_time": 0.264024019241333
  },
  "language": "python",
  "saved_at": 1764974950.5455942
}