{
  "id": "e9a2842d-219c-4e7d-bdf9-73d408e6b322",
  "generation": 1,
  "iteration": 5,
  "timestamp": 1764978631.4993439,
  "parent_id": "29d46018-4492-488c-8228-760ab0789db5",
  "metrics": {
    "validity": 1.0,
    "sum_radii": 2.4999999999999996,
    "target_ratio": 0.9487666034155596,
    "combined_score": 0.9487666034155596,
    "eval_time": 0.2171320915222168
  },
  "language": "python",
  "saved_at": 1764978733.790633
}