{
  "id": "3cc8f1c0-fd96-4d00-9985-7cdcd0135951",
  "generation": 2,
  "iteration": 36,
  "timestamp": 1764925119.4639192,
  "parent_id": "df8d6f90-e5ef-412e-b859-198c5d4339c2",
  "metrics": {
    "validity": 1.0,
    "sum_radii": 2.438966267381147,
    "target_ratio": 0.9256038965393348,
    "combined_score": 0.9256038965393348,
    "eval_time": 0.043044090270996094
  },
  "language": "python",
  "saved_at": 1764925173.556535
}