{
  "iterations": [
    0,
    1,
    2,
    3,
    4,
    5,
    6,
    7,
    8,
    9,
    10,
    11,
    12,
    13,
    14,
    15,
    16,
    17,
    18,
    19,
    20,
    21,
    22,
    23,
    24,
    25,
    26,
    27,
    28,
    29,
    30,
    31,
    32,
    33,
    34,
    35,
    36,
    37,
    38,
    39,
    40,
    41,
    42,
    43,
    44,
    45,
    46,
    47,
    48,
    49,
    50
  ],
  "best_scores": [
    0.36423689449571406,
    0.8688629803606599,
    0.8688629803606599,
    0.8688629803606599,
    0.8688629803606599,
    0.8688629803606599,
    0.8688629803606599,
    0.8688629803606599,
    0.8688629803606599,
    0.9094890362364079,
    0.9094890362364079,
    0.9094890362364079,
    0.9430399676673515,
    0.9430399676673515,
    0.9430399676673515,
    0.9430399676673515,
    0.9430399676673515,
    0.9430399676673515,
    0.9430399676673515,
    0.9430399676673515,
    0.9430399676673515,
    0.9430399676673515,
    0.9430399676673515,
    0.9430399676673515,
    0.9430399676673515,
    0.95862233558142,
    0.95862233558142,
    0.9609167093090795,
    0.9609167093090795,
    0.9609167093090795,
    0.9609167093090795,
    0.9690844384883988,
    0.9690844384883988,
    0.9690844384883988,
    0.9690844384883988,
    0.9690844384883988,
    0.9690844384883988,
    0.9690844384883988,
    0.9690844384883988,
    0.9690844384883988,
    0.9690844384883988,
    0.9690844384883988,
    0.9690844384883988,
    0.9690844384883988,
    0.9690844384883988,
    0.9708942306058959,
    0.9708942306058959,
    0.9708942306058959,
    0.9708942306058959,
    0.9708942306058959,
    0.9708942306058959
  ],
  "final_score": 0.9708942306058959,
  "outer_iterations": 5,
  "inner_per_outer": 10,
  "total_programs": 54
}