{
  "id": "51ae9a2a-2b27-4866-8934-710725f2690e",
  "generation": 4,
  "iteration": 47,
  "timestamp": 1764928427.514934,
  "parent_id": "9570790f-efb1-4685-902e-1031663229d3",
  "metrics": {
    "validity": 1.0,
    "sum_radii": 2.4746778026043774,
    "target_ratio": 0.9391566613299346,
    "combined_score": 0.9391566613299346,
    "eval_time": 0.0715939998626709
  },
  "language": "python",
  "saved_at": 1764928441.887341
}