{
  "best_score": 0.9487666034155596,
  "best_convergence_rate": 6.324000000000001,
  "total_inner_iterations": 10,
  "total_outer_iterations": 2,
  "total_wall_clock_time": 245.45816206932068,
  "comparison_to_baseline": null,
  "iteration_scores": [
    0.9487666034155596,
    0.9487666034155596
  ],
  "iteration_convergence_rates": [
    6.324000000000001,
    6.324000000000001
  ]
}