{
  "id": "71140396-a3d1-42bd-b446-a94f383128c2",
  "generation": 2,
  "iteration": 8,
  "timestamp": 1765058094.542762,
  "parent_id": "96e3d203-0dad-491f-981f-3c96467ee95e",
  "metrics": {
    "validity": 1.0,
    "sum_radii": 2.4999999999999996,
    "target_ratio": 0.9487666034155596,
    "combined_score": 0.9487666034155596,
    "eval_time": 0.19989609718322754
  },
  "language": "python",
  "saved_at": 1765058106.2193851
}