{
  "id": "e08b0f4a-b805-4e3d-b22f-4196253797dd",
  "generation": 2,
  "iteration": 12,
  "timestamp": 1764879940.80914,
  "parent_id": "acde8f00-044d-4883-8306-0b9fc4c3a383",
  "metrics": {
    "validity": 1.0,
    "sum_radii": 1.1123818903701468,
    "target_ratio": 0.4221563151309855,
    "combined_score": 0.4221563151309855
  },
  "language": "python",
  "saved_at": 1764880209.6849291
}