{
  "iterations": [
    0,
    1,
    2,
    3,
    4,
    5,
    6,
    7,
    8,
    9,
    10,
    11,
    12,
    13,
    14,
    15,
    16,
    17,
    18
  ],
  "best_scores": [
    0.36423689449571406,
    0.9256038959694771,
    0.9256038959694771,
    0.9256038959694771,
    0.9256038959694771,
    0.9256038959694771,
    0.9256038959694771,
    0.9256038959694771,
    0.9256038959694771,
    0.9256038959694771,
    0.9256038966697128,
    0.9256038966697128,
    0.9256038966697128,
    0.9256038969031243,
    0.9256038969031243,
    0.9256038969031243,
    0.9256038969031243,
    0.9256038969031243,
    0.9256038969031243
  ],
  "final_score": 0.9256038969031243,
  "outer_iterations": 3,
  "inner_per_outer": 6,
  "total_programs": 21
}