{
  "id": "eb14bbab-0172-4ee8-bbde-4153906d8bf1",
  "generation": 3,
  "iteration": 34,
  "timestamp": 1764920712.3054578,
  "parent_id": "efa2a55c-cf13-4afe-8520-b28c1de4551d",
  "metrics": {
    "validity": 1.0,
    "sum_radii": 2.396830556078218,
    "target_ratio": 0.9096131142611834,
    "combined_score": 0.9096131142611834,
    "eval_time": 1.1092071533203125
  },
  "language": "python",
  "saved_at": 1764920766.289688
}