{
  "id": "a30a49fe-4b3a-4a61-a0a2-22bb36374ea7",
  "generation": 1,
  "iteration": 5,
  "timestamp": 1764886048.16567,
  "parent_id": "f3e3f86a-8005-4e9f-9af9-7e7b70e40396",
  "metrics": {
    "validity": 1.0,
    "sum_radii": 2.364070138664602,
    "target_ratio": 0.8971803182787864,
    "combined_score": 0.8971803182787864,
    "eval_time": 5.803573131561279
  },
  "language": "python",
  "saved_at": 1764886059.626915
}