{
  "iterations": [
    0,
    1,
    2,
    3,
    4,
    5,
    6,
    7,
    8,
    9,
    10,
    11,
    12,
    13,
    14,
    15,
    16,
    17,
    18,
    19,
    20
  ],
  "best_scores": [
    0.36423689449571406,
    0.6227032776797866,
    0.8968893099964083,
    0.8968893099964083,
    0.907398465842231,
    0.9110779220346671,
    0.9110779220346671,
    0.9275724042926397,
    0.9275724042926397,
    0.9275724042926397,
    0.9275724042926397,
    0.9275724042926397,
    0.9275724042926397,
    0.9275724042926397,
    0.9275724042926397,
    0.9275724042926397,
    0.9275724042926397,
    0.9275724042926397,
    0.9275724042926397,
    0.9275724042926397,
    0.9275724042926397
  ],
  "final_score": 0.9275724042926397,
  "outer_iterations": 5,
  "inner_per_outer": 4,
  "total_programs": 23
}