{
  "iterations": [
    0,
    1,
    2,
    3,
    4,
    5,
    5,
    6,
    7,
    8,
    9,
    10,
    10,
    11,
    12,
    13,
    14,
    15,
    15,
    16,
    17,
    18,
    19,
    20
  ],
  "best_scores": [
    0.36423689449571406,
    0.8552523106209581,
    0.8552523106209581,
    0.8552523106209581,
    0.8552523106209581,
    0.8552523106209581,
    0.8552523106209581,
    0.8552523106209581,
    0.8552523106209581,
    0.8880454237571204,
    0.8880454237571204,
    0.8880454237571204,
    0.8880454237571204,
    0.8880454237571204,
    0.8880454237571204,
    0.8880454237571204,
    0.8880454237571204,
    0.8880454237571204,
    0.8880454237571204,
    0.8880455407969639,
    0.8880455407969639,
    0.8880455407969639,
    0.8880455407969639,
    0.8880455407969639
  ],
  "final_score": 0.8880455407969639,
  "outer_iterations": 4,
  "inner_per_outer": 5
}