{
  "best_score": 0.9555719828666522,
  "best_convergence_rate": 5.2324681862274085,
  "total_inner_iterations": 50,
  "total_outer_iterations": 10,
  "total_wall_clock_time": 821.7486870288849,
  "comparison_to_baseline": null,
  "iteration_scores": [
    0.9487666034155596,
    0.9487666034155596,
    0.9487666034155596,
    0.954906374123707,
    0.954906374123707,
    0.9549063741237072,
    0.9549063741237072,
    0.9549063741237072,
    0.9555719828666522,
    0.9555719828666522
  ],
  "iteration_convergence_rates": [
    6.324000000000001,
    5.2700000000000005,
    5.2700000000000005,
    5.236115430257098,
    5.236115430257098,
    5.236115430257097,
    5.236115430257097,
    5.236115430257097,
    5.2324681862274085,
    5.2324681862274085
  ]
}