{
  "id": "2a35adab-5419-49a7-8885-2b1aa5512d25",
  "generation": 2,
  "iteration": 6,
  "timestamp": 1764894284.627071,
  "parent_id": "23a995e0-eadc-4fc8-a302-544470b032b6",
  "metrics": {
    "validity": 1.0,
    "sum_radii": 2.1666666666666408,
    "target_ratio": 0.8222643896268087,
    "combined_score": 0.8222643896268087,
    "eval_time": 0.05556488037109375
  },
  "language": "python",
  "saved_at": 1764894311.84977
}