{
  "id": "19e6febe-5da0-4725-8b28-79d15584dbcb",
  "generation": 5,
  "iteration": 32,
  "timestamp": 1765058387.5505679,
  "parent_id": "b369c943-590c-4d92-bcd6-630750aa3c6d",
  "metrics": {
    "validity": 1.0,
    "sum_radii": 2.5196105985472537,
    "target_ratio": 0.9562089558054094,
    "combined_score": 0.9562089558054094,
    "eval_time": 1.568876028060913
  },
  "language": "python",
  "saved_at": 1765058451.32605
}