{
  "id": "f46593fe-42d6-4fc8-9c3a-867fc0cfeb49",
  "generation": 0,
  "iteration": 0,
  "timestamp": 1764874401.370521,
  "parent_id": null,
  "metrics": {
    "validity": 1.0,
    "sum_radii": 0.9597642169962064,
    "target_ratio": 0.36423689449571406,
    "combined_score": 0.36423689449571406
  },
  "language": "python",
  "saved_at": 1764874498.921706
}