{
  "id": "a226c8a2-b431-4316-b18e-40c32979b89c",
  "generation": 0,
  "iteration": 0,
  "timestamp": 1764874512.038122,
  "parent_id": null,
  "metrics": {
    "validity": 1.0,
    "sum_radii": 0.9597642169962064,
    "target_ratio": 0.36423689449571406,
    "combined_score": 0.36423689449571406
  },
  "language": "python",
  "saved_at": 1764874633.888701
}