{
  "id": "4fa0c86a-f10f-4044-847b-0e5b70a555e7",
  "generation": 0,
  "iteration": 0,
  "timestamp": 1764889816.720734,
  "parent_id": null,
  "metrics": {
    "validity": 1.0,
    "sum_radii": 0.9597642169962064,
    "target_ratio": 0.36423689449571406,
    "combined_score": 0.36423689449571406
  },
  "language": "python",
  "saved_at": 1764889878.553456
}