{
  "id": "75bb4034-4f55-4136-bf33-9ba0f37a3a89",
  "generation": 3,
  "iteration": 46,
  "timestamp": 1764917492.5538728,
  "parent_id": "55dacd88-d57f-42e3-8c42-816510cd6729",
  "metrics": {
    "validity": 1.0,
    "sum_radii": 2.4049999999999994,
    "target_ratio": 0.9127134724857683,
    "combined_score": 0.9127134724857683,
    "eval_time": 0.04349803924560547
  },
  "language": "python",
  "saved_at": 1764917507.8720782
}