{
  "id": "050d28b2-47fe-4c8a-b0fe-04e9a232cd48",
  "generation": 3,
  "iteration": 14,
  "timestamp": 1765053495.720223,
  "parent_id": "82ea0e1c-cbc6-4c1b-bb13-482a21ac2cbb",
  "metrics": {
    "validity": 1.0,
    "sum_radii": 2.4937111551674906,
    "target_ratio": 0.9463799450351009,
    "combined_score": 0.9463799450351009,
    "eval_time": 1.4584250450134277
  },
  "language": "python",
  "saved_at": 1765053545.6760871
}