{
  "iterations": [
    0,
    1,
    2,
    3,
    4,
    5,
    6,
    7,
    8,
    9,
    10
  ],
  "best_scores": [
    0.36423689449571406,
    0.36423689449571406,
    0.7058151450357709,
    0.7644446686448177,
    0.7792229315479581,
    0.833118653324905,
    0.91105853420281,
    0.91105853420281,
    0.91105853420281,
    0.91105853420281,
    0.91105853420281
  ],
  "final_score": 0.91105853420281,
  "outer_iterations": 5,
  "inner_per_outer": 2,
  "total_programs": 12
}