{
  "id": "eb04fd21-33af-45ea-be15-70e8cf8056ad",
  "generation": 0,
  "iteration": 0,
  "timestamp": 1764886558.9153762,
  "parent_id": null,
  "metrics": {
    "validity": 1.0,
    "sum_radii": 0.9597642169962064,
    "target_ratio": 0.36423689449571406,
    "combined_score": 0.36423689449571406
  },
  "language": "python",
  "saved_at": 1764886614.720093
}