{
  "id": "0cc31ce7-dd64-488b-a1e0-ebd250fb8554",
  "generation": 5,
  "iteration": 80,
  "current_iteration": 200,
  "metrics": {
    "runs_successfully": 1.0,
    "composite_score": 0.4128316457180309,
    "output_length": 91.0,
    "overall_score": 0.28798980114435524,
    "slope_changes": 155.0,
    "lag_error": 0.35539883377261255,
    "avg_error": 0.9565324748302244,
    "false_reversals": 124.2,
    "correlation": -0.006103226166624641,
    "noise_reduction": 0.0,
    "smoothness_score": 0.11428571428571428,
    "responsiveness_score": 0.7377902172282407,
    "accuracy_score": 0.0,
    "efficiency_score": 1.0,
    "execution_time": 0.0007304191589355469,
    "success_rate": 1.0
  },
  "language": "python",
  "timestamp": 1764931665.646187,
  "saved_at": 1764932240.011918
}