{
  "best_score": 0.9093865082476514,
  "best_convergence_rate": 6.597854647702814,
  "total_inner_iterations": 10,
  "total_outer_iterations": 2,
  "total_wall_clock_time": 95.00493597984314,
  "comparison_to_baseline": null,
  "iteration_scores": [
    0.8801910863981461,
    0.9093865082476514
  ],
  "iteration_convergence_rates": [
    6.8167016148195305,
    6.597854647702814
  ]
}