{
  "id": "ff6ea357-0550-4f86-a968-9becd8c77b4b",
  "generation": 2,
  "iteration": 10,
  "timestamp": 1764908047.062508,
  "parent_id": "c88844c6-3054-40e5-a064-a17ed91a89e1",
  "metrics": {
    "validity": 1.0,
    "sum_radii": 2.438966267724693,
    "target_ratio": 0.9256038966697128,
    "combined_score": 0.9256038966697128,
    "eval_time": 0.22600698471069336
  },
  "language": "python",
  "saved_at": 1764909157.670524
}