{
  "id": "e84b0757-2679-4e04-b850-f31e281e9b14",
  "generation": 0,
  "iteration": 0,
  "timestamp": 1764875228.7033641,
  "parent_id": null,
  "metrics": {
    "validity": 1.0,
    "sum_radii": 0.9597642169962064,
    "target_ratio": 0.36423689449571406,
    "combined_score": 0.36423689449571406
  },
  "language": "python",
  "saved_at": 1764875305.839905
}