{
  "id": "4c252db0-868b-42c9-a22b-c38dbec42111",
  "generation": 1,
  "iteration": 5,
  "timestamp": 1765052814.741605,
  "parent_id": "d01c58d2-fb7c-4502-bac3-682b2e183b82",
  "metrics": {
    "validity": 1.0,
    "sum_radii": 2.4263875825913743,
    "target_ratio": 0.9208302021219638,
    "combined_score": 0.9208302021219638,
    "eval_time": 0.16661286354064941
  },
  "language": "python",
  "saved_at": 1765052837.317653
}