{
  "id": "676e4570-f034-413b-9c15-f662eb0c762d",
  "generation": 1,
  "iteration": 2,
  "timestamp": 1764971449.288705,
  "parent_id": "df5cd194-d117-45d4-a3e6-ea315684f3e2",
  "metrics": {
    "validity": 1.0,
    "sum_radii": 2.401923788646684,
    "target_ratio": 0.911546029846939,
    "combined_score": 0.911546029846939,
    "eval_time": 0.20151615142822266
  },
  "language": "python",
  "saved_at": 1764971493.465526
}