{
  "id": "14ea32a3-dd45-43e9-9f3c-e2402d85328d",
  "generation": 1,
  "iteration": 5,
  "timestamp": 1764917927.1693408,
  "parent_id": "44361524-acc9-42ac-9bb6-3ed8c28a5efd",
  "metrics": {
    "validity": 1.0,
    "sum_radii": 2.2636055249238565,
    "target_ratio": 0.8590533301418811,
    "combined_score": 0.8590533301418811,
    "eval_time": 0.043462276458740234
  },
  "language": "python",
  "saved_at": 1764918087.582561
}