{
  "best_score": 0.964428530614264,
  "best_convergence_rate": 10.368834685584009,
  "total_inner_iterations": 50,
  "total_outer_iterations": 5,
  "total_wall_clock_time": 671.8868401050568,
  "comparison_to_baseline": null,
  "iteration_scores": [
    0.9297912713472484,
    0.9487666034155596,
    0.9487666034155596,
    0.9636402568486558,
    0.964428530614264
  ],
  "iteration_convergence_rates": [
    11.830612244897962,
    10.540000000000001,
    10.540000000000001,
    10.377316564899951,
    10.368834685584009
  ]
}