{
  "id": "f5387071-bc32-48e0-8a75-61a072534523",
  "generation": 2,
  "iteration": 8,
  "timestamp": 1765057269.097259,
  "parent_id": "7179ef24-52e1-48c1-8ea0-19b44bf27716",
  "metrics": {
    "validity": 1.0,
    "sum_radii": 2.3863987482567395,
    "target_ratio": 0.9056541739114762,
    "combined_score": 0.9056541739114762,
    "eval_time": 3.966902732849121
  },
  "language": "python",
  "saved_at": 1765057279.18969
}