{
  "id": "4d8e0556-ad67-4841-b813-e15bd6c32fa1",
  "generation": 0,
  "iteration": 0,
  "timestamp": 1764874133.842975,
  "parent_id": null,
  "metrics": {
    "validity": 1.0,
    "sum_radii": 0.9597642169962064,
    "target_ratio": 0.36423689449571406,
    "combined_score": 0.36423689449571406
  },
  "language": "python",
  "saved_at": 1764874252.298629
}