{
  "id": "1a2a978c-12a3-4a19-9d44-f609206f4833",
  "generation": 3,
  "iteration": 12,
  "timestamp": 1764960317.469337,
  "parent_id": "f265eb16-cd58-441a-ae96-aa213c458157",
  "metrics": {
    "validity": 1.0,
    "sum_radii": 2.54142135623731,
    "target_ratio": 0.9644862832020152,
    "combined_score": 0.9644862832020152,
    "eval_time": 0.2155599594116211
  },
  "language": "python",
  "saved_at": 1764960360.062073
}