{
  "id": "5d0cb3f9-dbc8-4359-8d10-9190a85cd64d",
  "generation": 1,
  "iteration": 1,
  "timestamp": 1764973993.944182,
  "parent_id": "34b8a844-6673-4c5b-b336-b808b403a1e3",
  "metrics": {
    "validity": 1.0,
    "sum_radii": 2.4500000099999997,
    "target_ratio": 0.929791275142315,
    "combined_score": 0.929791275142315,
    "eval_time": 0.24922704696655273
  },
  "language": "python",
  "saved_at": 1764974027.017838
}