{
  "id": "54d912e0-89f5-4ec8-b9e6-b3e189d50403",
  "generation": 2,
  "iteration": 7,
  "timestamp": 1764893982.93342,
  "parent_id": "81a7d3ee-666a-4f6c-b1bc-3eb3d04458c5",
  "metrics": {
    "validity": 1.0,
    "sum_radii": 2.5000000000000004,
    "target_ratio": 0.9487666034155601,
    "combined_score": 0.9487666034155601,
    "eval_time": 0.05488920211791992
  },
  "language": "python",
  "saved_at": 1764894008.222844
}