{
  "id": "55237b6f-8a67-41a1-8e22-faa16f15549b",
  "generation": 3,
  "iteration": 49,
  "timestamp": 1764963437.507267,
  "parent_id": "b7b55285-e58f-4767-9ba1-fac1757b7744",
  "metrics": {
    "validity": 1.0,
    "sum_radii": 2.4866556104097683,
    "target_ratio": 0.9437023189410886,
    "combined_score": 0.9437023189410886,
    "eval_time": 5.261852741241455
  },
  "language": "python",
  "saved_at": 1764963475.1341681
}