{
  "id": "ab75562a-b3f6-455f-9b47-090e4c9c05bb",
  "generation": 1,
  "iteration": 2,
  "timestamp": 1764971543.3930361,
  "parent_id": "0bb308fc-3e3a-4946-b926-a12ce22d69b0",
  "metrics": {
    "validity": 1.0,
    "sum_radii": 2.4389662658795714,
    "target_ratio": 0.9256038959694769,
    "combined_score": 0.9256038959694769,
    "eval_time": 0.2462608814239502
  },
  "language": "python",
  "saved_at": 1764971596.964421
}