{
  "id": "42fd1491-aa5d-41fe-955e-4617a90c8bdd",
  "generation": 2,
  "iteration": 3,
  "timestamp": 1765000415.491221,
  "parent_id": "f3cf688d-5d85-4838-be32-b78babdc3572",
  "metrics": {
    "validity": 1.0,
    "sum_radii": 2.3714500185647203,
    "target_ratio": 0.8999810317133664,
    "combined_score": 0.8999810317133664,
    "eval_time": 2.505446195602417
  },
  "language": "python",
  "saved_at": 1765000467.286241
}