{
  "id": "54c8d200-7bad-4a11-a855-6d673b414340",
  "generation": 0,
  "iteration": 0,
  "timestamp": 1764889745.663192,
  "parent_id": null,
  "metrics": {
    "validity": 1.0,
    "sum_radii": 0.9597642169962064,
    "target_ratio": 0.36423689449571406,
    "combined_score": 0.36423689449571406
  },
  "language": "python",
  "saved_at": 1764889802.5944068
}