{
  "id": "e49b28f2-7512-4011-a8de-053769465437",
  "generation": 4,
  "iteration": 46,
  "timestamp": 1764907964.533385,
  "parent_id": "af94b975-5650-48a8-b066-60260211c2e6",
  "metrics": {
    "validity": 1.0,
    "sum_radii": 2.450999102893684,
    "target_ratio": 0.93017043753081,
    "combined_score": 0.93017043753081,
    "eval_time": 0.30075573921203613
  },
  "language": "python",
  "saved_at": 1764907978.461716
}