{
  "id": "708af104-b230-4b40-af33-b1a854bef2d6",
  "generation": 2,
  "iteration": 22,
  "timestamp": 1764904502.5554209,
  "parent_id": "43e6c295-8e7c-4983-81a5-66842eed4ce3",
  "metrics": {
    "validity": 1.0,
    "sum_radii": 2.402289484541618,
    "target_ratio": 0.9116848138677868,
    "combined_score": 0.9116848138677868,
    "eval_time": 10.520878076553345
  },
  "language": "python",
  "saved_at": 1764904886.435027
}