{
  "best_score": 0.9997314618360691,
  "best_convergence_rate": 10.002686102960466,
  "total_inner_iterations": 100,
  "total_outer_iterations": 10,
  "total_wall_clock_time": 2696.096497297287,
  "comparison_to_baseline": null,
  "iteration_scores": [
    0.9376511112404762,
    0.9935742963912667,
    0.993574298042813,
    0.9960199548607789,
    0.9980112208299324,
    0.9980112208299324,
    0.9982613696943431,
    0.9982613696943431,
    0.9982613696943431,
    0.9997314618360691
  ],
  "iteration_convergence_rates": [
    12.797937160362839,
    12.07760712367949,
    11.071139844970116,
    10.039959491974008,
    10.01992742294434,
    10.01992742294434,
    10.017416584057433,
    10.017416584057433,
    10.017416584057433,
    10.002686102960466
  ]
}