{
  "id": "45723b92-d5ac-40fe-a501-b170425f38d1",
  "generation": 5,
  "iteration": 49,
  "timestamp": 1764922023.637187,
  "parent_id": "deadc994-4c3d-4e8b-86b9-bb8cc0d3aacf",
  "metrics": {
    "validity": 1.0,
    "sum_radii": 2.4867918887471285,
    "target_ratio": 0.9437540374751912,
    "combined_score": 0.9437540374751912,
    "eval_time": 0.273252010345459
  },
  "language": "python",
  "saved_at": 1764922042.905201
}