{
  "id": "06164c50-b715-4f0f-83fa-23b01db22dbd",
  "generation": 3,
  "iteration": 35,
  "timestamp": 1765005641.272591,
  "parent_id": "b1129e2b-adfc-427d-8f55-0c1dc54bc193",
  "metrics": {
    "validity": 1.0,
    "sum_radii": 2.5244458150225237,
    "target_ratio": 0.9580439525702178,
    "combined_score": 0.9580439525702178,
    "eval_time": 1.9890451431274414
  },
  "language": "python",
  "saved_at": 1765005760.143252
}