{
  "iterations": [
    0,
    1,
    2,
    3,
    4,
    5,
    6,
    7,
    8,
    9,
    10,
    11,
    12,
    13,
    14,
    15,
    16,
    17,
    18,
    19,
    20
  ],
  "best_scores": [
    0.36423689449571406,
    0.5920303605313094,
    0.5920303605313094,
    0.8880455407969636,
    0.9256038964749003,
    0.9256038964749003,
    0.9256038964749003,
    0.9256038964749003,
    0.9256038964749003,
    0.9256038964749003,
    0.9256038964749003,
    0.9256038964749003,
    0.9644862832020152,
    0.9644862832020152,
    0.9644862832020152,
    0.9644862832020152,
    0.9644862832020152,
    0.9644862832020152,
    0.9644862832020152,
    0.9644862832020152,
    0.9644862832020152
  ],
  "final_score": 0.9644862832020152,
  "outer_iterations": 2,
  "inner_per_outer": 10,
  "total_programs": 23
}