{
  "iterations": [
    0,
    1,
    2,
    3,
    4,
    5,
    6,
    7,
    8,
    9,
    10
  ],
  "best_scores": [
    0.36423689449571406,
    0.8465695173125826,
    0.8465695173125826,
    0.9115460298469387,
    0.9115460298469387,
    0.9115460298469387,
    0.9406348389816716,
    0.9406348389816716,
    0.9406348389816716,
    0.9406348389816716,
    0.9406348389816716
  ],
  "final_score": 0.9406348389816716,
  "outer_iterations": 2,
  "inner_per_outer": 5,
  "total_programs": 12
}