{
  "best_score": 0.9406348389816716,
  "best_convergence_rate": 6.378670820331918,
  "total_inner_iterations": 10,
  "total_outer_iterations": 2,
  "total_wall_clock_time": 200.48762011528015,
  "comparison_to_baseline": null,
  "iteration_scores": [
    0.9115460298469387,
    0.9406348389816716
  ],
  "iteration_convergence_rates": [
    6.582223830218957,
    6.378670820331918
  ]
}