{
  "id": "d6d188f1-ba6e-44f2-86ff-a60cf4adc3e6",
  "generation": 4,
  "iteration": 25,
  "timestamp": 1765004449.8021498,
  "parent_id": "38f86377-c46c-4423-af0e-618d650ecba5",
  "metrics": {
    "validity": 1.0,
    "sum_radii": 2.541421356237309,
    "target_ratio": 0.9644862832020149,
    "combined_score": 0.9644862832020149,
    "eval_time": 12.397929906845093
  },
  "language": "python",
  "saved_at": 1765004871.298553
}