{
  "id": "c95d54ed-dd76-4d39-a29a-a7984e7440c2",
  "generation": 1,
  "iteration": 4,
  "timestamp": 1765052866.552166,
  "parent_id": "4fd08f4f-eb74-46c7-bb2b-d63f8f6c8dd7",
  "metrics": {
    "validity": 1.0,
    "sum_radii": 2.339999999999999,
    "target_ratio": 0.8880455407969636,
    "combined_score": 0.8880455407969636,
    "eval_time": 0.2083110809326172
  },
  "language": "python",
  "saved_at": 1765052944.2889972
}