{
  "iterations": [
    0,
    1,
    2,
    3,
    4,
    5,
    6,
    7,
    8,
    9,
    10,
    11,
    12,
    13,
    14,
    15,
    16,
    17,
    18,
    19,
    20,
    21,
    22,
    23,
    24,
    25,
    26,
    27,
    28,
    29,
    30,
    31,
    32,
    33,
    34,
    35,
    36,
    37,
    38,
    39,
    40,
    41,
    42,
    43,
    44,
    45,
    46,
    47,
    48,
    49,
    50
  ],
  "best_scores": [
    0.36423689449571406,
    0.8880455407969636,
    0.8880455407969636,
    0.8880455407969636,
    0.8880455407969636,
    0.9256038965393348,
    0.9256038965393348,
    0.9256038965393348,
    0.9256038965393348,
    0.9256038965393348,
    0.9256038965393348,
    0.9256038965393348,
    0.9256038965393348,
    0.9256038965393348,
    0.9256038965393348,
    0.9256038965393348,
    0.9256038965393348,
    0.9256038965393348,
    0.9256038965393348,
    0.9303038362677887,
    0.9303038362677887,
    0.9344706842303798,
    0.9344706842303798,
    0.9371880470238961,
    0.9371880470238961,
    0.9373447872418781,
    0.9373447872418781,
    0.9373447872418781,
    0.9382879300495586,
    0.9382879300495586,
    0.9382879300495586,
    0.939380231407916,
    0.939380231407916,
    0.939380231407916,
    0.939380231407916,
    0.939380231407916,
    0.939380231407916,
    0.939380231407916,
    0.939380231407916,
    0.939380231407916,
    0.939380231407916,
    0.939380231407916,
    0.943829966216,
    0.943829966216,
    0.943829966216,
    0.943829966216,
    0.943829966216,
    0.943829966216,
    0.943829966216,
    0.943829966216,
    0.943829966216
  ],
  "final_score": 0.943829966216,
  "outer_iterations": 5,
  "inner_per_outer": 10,
  "total_programs": 51
}