{
  "id": "44a53f48-a147-4205-bee1-f930a02e7aa6",
  "generation": 2,
  "iteration": 50,
  "timestamp": 1764930270.177681,
  "parent_id": "573c8192-42d4-452c-9ac6-f687c4d8d6e2",
  "metrics": {
    "validity": 1.0,
    "sum_radii": 2.4620276924741056,
    "target_ratio": 0.9343558605214822,
    "combined_score": 0.9343558605214822,
    "eval_time": 0.14462995529174805
  },
  "language": "python",
  "saved_at": 1764930270.3912692
}