{
  "id": "f11561d3-cc49-48a1-abf8-c967cba9a800",
  "generation": 2,
  "iteration": 10,
  "timestamp": 1764968198.867618,
  "parent_id": "32e78c7e-a764-433a-8bdc-c68d523af171",
  "metrics": {
    "validity": 1.0,
    "sum_radii": 2.404999985500001,
    "target_ratio": 0.9127134669829225,
    "combined_score": 0.9127134669829225,
    "eval_time": 0.22345399856567383
  },
  "language": "python",
  "saved_at": 1764968298.039089
}