{
  "id": "fe60ee12-732d-40c4-9a00-9b8b6e92fe4d",
  "generation": 4,
  "iteration": 40,
  "timestamp": 1764976263.969918,
  "parent_id": "9a43cd60-14ac-4d0c-8026-53974ec1b149",
  "metrics": {
    "validity": 1.0,
    "sum_radii": 2.446356972736601,
    "target_ratio": 0.9284087183061104,
    "combined_score": 0.9284087183061104,
    "eval_time": 0.26806211471557617
  },
  "language": "python",
  "saved_at": 1764976311.3741171
}