{
  "id": "9440856c-d4b0-4ee9-a0b1-a7c1510fd072",
  "generation": 2,
  "iteration": 6,
  "timestamp": 1764987261.7989051,
  "parent_id": "346b5103-1e33-4148-ba45-d5931479b5ba",
  "metrics": {
    "validity": 1.0,
    "sum_radii": 2.4811460265146685,
    "target_ratio": 0.9416113952617339,
    "combined_score": 0.9416113952617339,
    "eval_time": 0.43828511238098145
  },
  "language": "python",
  "saved_at": 1764987267.878352
}