{
  "id": "a449f9fe-e24f-4de4-9855-ae31f361d06d",
  "generation": 1,
  "iteration": 2,
  "timestamp": 1764974064.822304,
  "parent_id": "223957bb-9d39-4c43-ad41-aa9e914f40f9",
  "metrics": {
    "validity": 1.0,
    "sum_radii": 2.427403778662814,
    "target_ratio": 0.9212158552800055,
    "combined_score": 0.9212158552800055,
    "eval_time": 0.24736309051513672
  },
  "language": "python",
  "saved_at": 1764974265.5326679
}