{
  "id": "2cb339b3-aff3-41d7-b28e-d074162d3803",
  "generation": 3,
  "iteration": 13,
  "timestamp": 1764967467.9126122,
  "parent_id": "1941d0fa-196f-46d8-bfdf-0c9f426d9d57",
  "metrics": {
    "validity": 1.0,
    "sum_radii": 2.4389662683397324,
    "target_ratio": 0.9256038969031243,
    "combined_score": 0.9256038969031243,
    "eval_time": 0.20320510864257812
  },
  "language": "python",
  "saved_at": 1764967487.2087638
}