{
  "best_score": 0.9864983905127274,
  "best_convergence_rate": 25.3421599471707,
  "total_inner_iterations": 50,
  "total_outer_iterations": 2,
  "total_wall_clock_time": 455.2147150039673,
  "comparison_to_baseline": null,
  "iteration_scores": [
    0.9644862832020149,
    0.9864983905127274
  ],
  "iteration_convergence_rates": [
    26.957355903167585,
    25.3421599471707
  ]
}