{
  "id": "2bcbb026-a59a-4ffa-9726-27b87aa2a504",
  "generation": 1,
  "iteration": 2,
  "timestamp": 1764958587.575457,
  "parent_id": "ce14f3ab-8e32-40dc-975e-81d9ce17d94d",
  "metrics": {
    "validity": 1.0,
    "sum_radii": 2.5414213562373087,
    "target_ratio": 0.9644862832020148,
    "combined_score": 0.9644862832020148,
    "eval_time": 0.21257305145263672
  },
  "language": "python",
  "saved_at": 1764958709.01506
}