{
  "best_score": 0.9504198723149346,
  "best_convergence_rate": 5.260832759969039,
  "total_inner_iterations": 50,
  "total_outer_iterations": 10,
  "total_wall_clock_time": 799.6654012203217,
  "comparison_to_baseline": null,
  "iteration_scores": [
    0.7009855821363388,
    0.933586337756357,
    0.933586337756357,
    0.933586337756357,
    0.933586337756357,
    0.9335863377612901,
    0.9335863377612901,
    0.935863377609108,
    0.9504198723149346,
    0.9504198723149346
  ],
  "iteration_convergence_rates": [
    8.559377186780747,
    6.426829268324031,
    6.426829268324031,
    5.355691056936693,
    5.355691056936693,
    5.355691056908394,
    6.4268292682900725,
    5.342660178426603,
    5.260832759969039,
    5.260832759969039
  ]
}