{
  "id": "0e68557b-def2-4a8e-9f91-d1f24e35bc7f",
  "generation": 4,
  "iteration": 36,
  "timestamp": 1765006483.540011,
  "parent_id": "22f89b6e-3c6e-496f-934b-b9fc894aa206",
  "metrics": {
    "validity": 1.0,
    "sum_radii": 2.5179321748536285,
    "target_ratio": 0.9555719828666522,
    "combined_score": 0.9555719828666522,
    "eval_time": 0.24450206756591797
  },
  "language": "python",
  "saved_at": 1765006582.476423
}