{
  "best_score": 0.9644862832020152,
  "best_convergence_rate": 10.368213808910607,
  "total_inner_iterations": 50,
  "total_outer_iterations": 5,
  "total_wall_clock_time": 784.4516401290894,
  "comparison_to_baseline": null,
  "iteration_scores": [
    0.9644862832020152,
    0.9644862832020152,
    0.9644862832020152,
    0.9644862832020152,
    0.9644862832020152
  ],
  "iteration_convergence_rates": [
    13.478677951583789,
    10.368213808910607,
    11.405035189801668,
    10.368213808910607,
    11.405035189801668
  ]
}