{
  "id": "1b126990-c28b-486f-a8a0-7cd19f1ea471",
  "generation": 4,
  "iteration": 40,
  "timestamp": 1765003052.484072,
  "parent_id": "99cd84d2-7197-4689-9924-50499cd2d17f",
  "metrics": {
    "validity": 1.0,
    "sum_radii": 2.540851701494803,
    "target_ratio": 0.9642700954439481,
    "combined_score": 0.9642700954439481,
    "eval_time": 8.991522073745728
  },
  "language": "python",
  "saved_at": 1765003156.238126
}