{
  "iterations": [
    0,
    1,
    2,
    3,
    10,
    11,
    12,
    13,
    14,
    15,
    16,
    17,
    18,
    20,
    30,
    40,
    41,
    50,
    51,
    60,
    70,
    80,
    90,
    100,
    101,
    102,
    110,
    111,
    112,
    113,
    114,
    115,
    120,
    130,
    131,
    132,
    140,
    141,
    150,
    160,
    170,
    180,
    190
  ],
  "best_scores": [
    0.36423689449571406,
    0.36423689449571406,
    0.36423689449571406,
    0.36423689449571406,
    0.36423689449571406,
    0.36423689449571406,
    0.36423689449571406,
    0.36423689449571406,
    0.8971803182787864,
    0.8971803182787864,
    0.8971803182787864,
    0.8971803182787864,
    0.8971803182787864,
    0.8971803182787864,
    0.8971803182787864,
    0.8971803182787864,
    0.8971803182787864,
    0.8971803182787864,
    0.8971803182787864,
    0.8971803182787864,
    0.8971803182787864,
    0.8971803182787864,
    0.8971803182787864,
    0.8971803182787864,
    0.8971803182787864,
    0.8971803182787864,
    0.8971803182787864,
    0.8971803182787864,
    0.8971803182787864,
    0.8971803182787864,
    0.8971803182787864,
    0.8971803182787864,
    0.8971803182787864,
    0.8971803182787864,
    0.8971803182787864,
    0.8971803182787864,
    0.8971803182787864,
    0.8971803182787864,
    0.8971803182787864,
    0.8971803182787864,
    0.8971803182787864,
    0.8971803182787864,
    0.8971803182787864
  ],
  "final_score": 0.8971803182787864,
  "outer_iterations": 20,
  "inner_per_outer": 10
}