{
  "best_score": 0.8971803182787864,
  "best_convergence_rate": 2.745465973139541,
  "total_inner_iterations": 200,
  "total_outer_iterations": 20,
  "total_wall_clock_time": 1397.241994857788,
  "comparison_to_baseline": null,
  "iteration_scores": [
    0.36423689449571406,
    0.8971803182787864,
    0.36423689449571406,
    0.36423689449571406,
    0.36423689449571406,
    0.36423689449571406,
    0.36423689449571406,
    0.36423689449571406,
    0.36423689449571406,
    0.36423689449571406,
    0.5021740382244864,
    0.7556994199194681,
    0.36423689449571406,
    0.8273244781783681,
    0.36423689449571406,
    0.36423689449571406,
    0.36423689449571406,
    0.36423689449571406,
    0.36423689449571406,
    0.36423689449571406
  ],
  "iteration_convergence_rates": [
    10.981863892558165,
    10.031428261005804,
    2.745465973139541,
    2.745465973139541,
    5.490931946279082,
    5.490931946279082,
    2.745465973139541,
    2.745465973139541,
    2.745465973139541,
    2.745465973139541,
    5.974024484831916,
    7.939664689221803,
    2.745465973139541,
    3.626146788990826,
    5.490931946279082,
    2.745465973139541,
    2.745465973139541,
    2.745465973139541,
    2.745465973139541,
    2.745465973139541
  ]
}