{
  "id": "1e70b8e7-eabb-477a-abcf-f219c629f902",
  "generation": 7,
  "iteration": 45,
  "timestamp": 1764958360.662963,
  "parent_id": "4e135a95-2995-40a9-a3b6-e5645299193e",
  "metrics": {
    "validity": 1.0,
    "sum_radii": 2.5583062976465354,
    "target_ratio": 0.9708942306058959,
    "combined_score": 0.9708942306058959,
    "eval_time": 219.73403906822205
  },
  "language": "python",
  "saved_at": 1764958360.988568
}