{
  "id": "21907cf5-5b60-463c-b225-1ecd52d82ee0",
  "generation": 3,
  "iteration": 20,
  "timestamp": 1764923940.613718,
  "parent_id": "c1208e13-b7f8-41eb-9959-83e6819610ba",
  "metrics": {
    "validity": 1.0,
    "sum_radii": 2.5106523312860123,
    "target_ratio": 0.9528092338846347,
    "combined_score": 0.9528092338846347,
    "eval_time": 0.14971089363098145
  },
  "language": "python",
  "saved_at": 1764924192.267785
}