{
  "id": "58dcb914-f203-437e-885e-4318a971d817",
  "generation": 0,
  "iteration": 0,
  "timestamp": 1764909427.072209,
  "parent_id": null,
  "metrics": {
    "runs_successfully": 1.0,
    "composite_score": 0.42000321782831856,
    "output_length": 91.0,
    "overall_score": 0.38987798748202884,
    "slope_changes": 66.0,
    "lag_error": 0.8696516134600849,
    "avg_error": 1.241821020768923,
    "false_reversals": 55.2,
    "correlation": 0.3768253622186233,
    "noise_reduction": 0.0,
    "smoothness_score": 0.23255813953488372,
    "responsiveness_score": 0.5348590041057663,
    "accuracy_score": 0.3768253622186233,
    "efficiency_score": 1.0,
    "execution_time": 0.0019493579864501953,
    "success_rate": 1.0
  },
  "language": "python",
  "saved_at": 1764909744.996792
}