{
  "id": "94dd6b8b-8872-4d82-b478-9e84ecfe1245",
  "generation": 0,
  "iteration": 0,
  "timestamp": 1764886489.34391,
  "parent_id": null,
  "metrics": {
    "validity": 1.0,
    "sum_radii": 0.9597642169962064,
    "target_ratio": 0.36423689449571406,
    "combined_score": 0.36423689449571406
  },
  "language": "python",
  "saved_at": 1764886546.1299222
}