{
  "id": "b73b22f4-484a-4dc5-a4f0-f947587907c2",
  "generation": 3,
  "iteration": 5,
  "timestamp": 1765000277.187789,
  "parent_id": "b7d9f3e6-87d6-4799-ab45-d10f08a47bd9",
  "metrics": {
    "validity": 1.0,
    "sum_radii": 1.7215008734962238,
    "target_ratio": 0.6533210146095727,
    "combined_score": 0.6533210146095727,
    "eval_time": 0.43561792373657227
  },
  "language": "python",
  "saved_at": 1765000328.2493582
}