{
  "iterations": [
    0,
    1,
    2,
    3,
    4,
    5,
    6,
    7,
    8,
    9,
    10,
    11,
    12,
    13,
    14,
    15,
    16,
    17,
    18,
    19,
    20,
    21,
    22,
    23,
    24,
    25,
    26,
    27,
    28,
    29,
    30,
    31,
    32,
    33,
    34,
    35,
    36,
    37,
    38,
    39,
    40,
    41,
    42,
    43,
    44,
    45,
    46,
    47,
    48,
    49,
    50
  ],
  "best_scores": [
    0.36423689449571406,
    0.6261516239818549,
    0.6261516239818549,
    0.8265164411875658,
    0.8265164411875658,
    0.8767014355793217,
    0.8767014355793217,
    0.9045708002009701,
    0.9045708002009701,
    0.9045708002009701,
    0.9194538660575163,
    0.9194538660575163,
    0.9194538660575163,
    0.9194538660575163,
    0.9194538660575163,
    0.9194538660575163,
    0.9198635015209705,
    0.9207797681230158,
    0.9207797681230158,
    0.9207797681230158,
    0.9207797681230158,
    0.9207797681230158,
    0.9218253005063781,
    0.9218253005063781,
    0.9218253005063781,
    0.9218253005063781,
    0.9218253005063781,
    0.9218253005063781,
    0.9218253005063781,
    0.9218253005063781,
    0.9218253005063781,
    0.9218253005063781,
    0.9218253005063781,
    0.9218253005063781,
    0.9218253005063781,
    0.9218253005063781,
    0.9331284016021444,
    0.9331284016021444,
    0.9331284016021444,
    0.9385161813375184,
    0.9385161813375184,
    0.9385161813375184,
    0.9385161813375184,
    0.9385161813375184,
    0.9385161813375184,
    0.9385161813375184,
    0.9385161813375184,
    0.9385161813375184,
    0.9385161813375184,
    0.9385161813375184,
    0.9385161813375184
  ],
  "final_score": 0.9385161813375184,
  "outer_iterations": 5,
  "inner_per_outer": 10,
  "total_programs": 52
}