{
  "best_score": 0.9256038966697128,
  "best_convergence_rate": 6.482254473633667,
  "total_inner_iterations": 10,
  "total_outer_iterations": 2,
  "total_wall_clock_time": 123.22688317298889,
  "comparison_to_baseline": null,
  "iteration_scores": [
    0.9256038966697128,
    0.9256038966697128
  ],
  "iteration_convergence_rates": [
    6.482254473633667,
    6.482254473633667
  ]
}