{
  "id": "014c5652-f1c0-45cc-9475-e734d3a5dbcf",
  "generation": 8,
  "iteration": 56,
  "timestamp": 1764995243.741243,
  "parent_id": "1e74fb6a-3b7d-44e0-bfb6-614493266556",
  "metrics": {
    "validity": 1.0,
    "sum_radii": 2.630418709144594,
    "target_ratio": 0.9982613696943431,
    "combined_score": 0.9982613696943431,
    "eval_time": 2.2325990200042725
  },
  "language": "python",
  "saved_at": 1764995872.200767
}