{
  "id": "dc936aa4-c492-4ecd-a9d6-f71c18d19cff",
  "generation": 7,
  "iteration": 85,
  "timestamp": 1764996384.8172019,
  "parent_id": "817d3294-9098-4d43-845b-6909229ac573",
  "metrics": {
    "validity": 1.0,
    "sum_radii": 2.634292401938042,
    "target_ratio": 0.9997314618360691,
    "combined_score": 0.9997314618360691,
    "eval_time": 225.87942695617676
  },
  "language": "python",
  "saved_at": 1764996385.1021912
}