{
  "id": "4bef18ce-3d16-4962-b425-6c3b6a59f2f2",
  "generation": 2,
  "iteration": 7,
  "timestamp": 1764894399.563414,
  "parent_id": "9dfcd6b2-8291-40ef-a467-3efaba448858",
  "metrics": {
    "validity": 1.0,
    "sum_radii": 2.163717392859548,
    "target_ratio": 0.8211451206298096,
    "combined_score": 0.8211451206298096,
    "eval_time": 0.06003403663635254
  },
  "language": "python",
  "saved_at": 1764894424.881236
}