{
  "id": "8689e1a6-8a44-46e1-92c5-44b51aedcd65",
  "generation": 1,
  "iteration": 3,
  "timestamp": 1764893847.400033,
  "parent_id": "5ec46c85-024e-46bf-b8e9-d5776ac8fa8e",
  "metrics": {
    "validity": 1.0,
    "sum_radii": 2.4388885498046875,
    "target_ratio": 0.9255744022029175,
    "combined_score": 0.9255744022029175,
    "eval_time": 0.0692741870880127
  },
  "language": "python",
  "saved_at": 1764893907.233203
}