{
  "iterations": [
    0,
    1,
    2,
    3,
    4,
    5,
    6,
    7,
    8,
    9,
    10,
    11,
    12,
    13,
    14,
    15,
    16,
    17,
    18,
    19,
    20,
    21,
    22,
    23,
    24,
    25,
    26,
    27,
    28,
    29,
    30,
    31,
    32,
    33,
    34,
    35,
    36,
    37,
    38,
    39,
    40,
    41,
    42,
    43,
    44,
    45,
    46,
    47,
    48,
    49,
    50
  ],
  "best_scores": [
    0.36423689449571406,
    0.5620628174101302,
    0.7400379506641365,
    0.8880455407969636,
    0.8880455407969636,
    0.9256038959694769,
    0.9256038959694769,
    0.9256038959694769,
    0.9256038959694769,
    0.9256038959694769,
    0.9256038959694769,
    0.9256038965706254,
    0.9256038965706254,
    0.9256038965706254,
    0.9256038965706254,
    0.9256038966697128,
    0.9256038966697128,
    0.9256038966697128,
    0.9352996890173272,
    0.9352996890173272,
    0.9528092338846347,
    0.9528092338846347,
    0.9528092338846347,
    0.9528092338846347,
    0.9528092338846347,
    0.9528092338846347,
    0.9528092338846347,
    0.9528092338846347,
    0.9528092338846347,
    0.9528092338846347,
    0.9528092338846347,
    0.9528092338846347,
    0.9528092338846347,
    0.9528092338846347,
    0.9528092338846347,
    0.9528092338846347,
    0.9528092338846347,
    0.9528092338846347,
    0.9528092338846347,
    0.9528092338846347,
    0.9528092338846347,
    0.9528092338846347,
    0.9528092338846347,
    0.9528092338846347,
    0.9528092338846347,
    0.9528092338846347,
    0.9528092338846347,
    0.9528092338846347,
    0.9528092338846347,
    0.9528092338846347,
    0.9528092338846347
  ],
  "final_score": 0.9528092338846347,
  "outer_iterations": 2,
  "inner_per_outer": 25,
  "total_programs": 52
}