{
  "best_score": 0.9708245786250657,
  "best_convergence_rate": 10.300522071827375,
  "total_inner_iterations": 50,
  "total_outer_iterations": 5,
  "total_wall_clock_time": 1636.3859531879425,
  "comparison_to_baseline": null,
  "iteration_scores": [
    0.8852249873563979,
    0.9642272361721972,
    0.9642272361721972,
    0.9642272361721972,
    0.9708245786250657
  ],
  "iteration_convergence_rates": [
    14.68553213666359,
    11.408099239830596,
    10.370999308936906,
    10.370999308936906,
    10.300522071827375
  ]
}