{
  "id": "b082bed5-adbc-4675-b5e5-042904dfcc54",
  "generation": 2,
  "iteration": 19,
  "timestamp": 1764875124.9927008,
  "parent_id": "cd437d0c-4667-438b-947d-3baaa9e820fc",
  "metrics": {
    "validity": 1.0,
    "sum_radii": 1.3939346403102824,
    "target_ratio": 0.5290074536281907,
    "combined_score": 0.5290074536281907,
    "eval_time": 3.779888868331909
  },
  "language": "python",
  "saved_at": 1764875125.194635
}