{
  "id": "d03fd667-d764-4929-a831-bd40be441674",
  "generation": 2,
  "iteration": 6,
  "timestamp": 1764975821.45957,
  "parent_id": "fc054b87-3320-454a-84ff-14add833ec10",
  "metrics": {
    "validity": 1.0,
    "sum_radii": 2.4785728007167043,
    "target_ratio": 0.9406348389816716,
    "combined_score": 0.9406348389816716,
    "eval_time": 0.5838737487792969
  },
  "language": "python",
  "saved_at": 1764975838.490787
}