{
  "id": "4824a64f-99ae-4b91-96df-8600de838d12",
  "generation": 6,
  "iteration": 48,
  "timestamp": 1764927421.18172,
  "parent_id": "f3a78d07-7b8d-472e-be41-81ab04674e79",
  "metrics": {
    "validity": 1.0,
    "sum_radii": 2.487553148004856,
    "target_ratio": 0.9440429404193003,
    "combined_score": 0.9440429404193003,
    "eval_time": 0.10913777351379395
  },
  "language": "python",
  "saved_at": 1764927431.360685
}