{
  "best_score": 0.9256038966697128,
  "best_convergence_rate": 10.803757456056111,
  "total_inner_iterations": 50,
  "total_outer_iterations": 5,
  "total_wall_clock_time": 1179.1938800811768,
  "comparison_to_baseline": null,
  "iteration_scores": [
    0.9256038966697128,
    0.9256038966697128,
    0.9256038966697128,
    0.9256038966697128,
    0.9256038966697128
  ],
  "iteration_convergence_rates": [
    14.044884692872944,
    11.884133201661722,
    10.803757456056111,
    10.803757456056111,
    10.803757456056111
  ]
}