{
  "id": "1a2933ad-a074-4164-9eeb-b279e13e04e0",
  "generation": 5,
  "iteration": 48,
  "timestamp": 1764921510.7423959,
  "parent_id": "69e48e4f-6e8a-49b2-8fcb-53c18c803be9",
  "metrics": {
    "validity": 1.0,
    "sum_radii": 2.4818097841889193,
    "target_ratio": 0.9418632957073698,
    "combined_score": 0.9418632957073698,
    "eval_time": 0.12218499183654785
  },
  "language": "python",
  "saved_at": 1764921519.7496698
}