{
  "id": "d38db011-1c88-424f-8818-f18b792b2d85",
  "generation": 3,
  "iteration": 37,
  "timestamp": 1764919239.972081,
  "parent_id": "29b3bdee-3fe6-4607-a40b-b8073d60a9ac",
  "metrics": {
    "validity": 1.0,
    "sum_radii": 2.4453787033554133,
    "target_ratio": 0.9280374585789045,
    "combined_score": 0.9280374585789045,
    "eval_time": 4.532963037490845
  },
  "language": "python",
  "saved_at": 1764919328.6487098
}