{
  "best_score": 0.9416113952617339,
  "best_convergence_rate": 6.372055425616655,
  "total_inner_iterations": 10,
  "total_outer_iterations": 2,
  "total_wall_clock_time": 125.73802423477173,
  "comparison_to_baseline": null,
  "iteration_scores": [
    0.9256038965387609,
    0.9416113952617339
  ],
  "iteration_convergence_rates": [
    6.482254474550759,
    6.372055425616655
  ]
}