{
  "id": "fa6ad467-187e-4437-a84c-e6567fb26be8",
  "generation": 4,
  "iteration": 48,
  "timestamp": 1765007003.6099432,
  "parent_id": "dd37847d-d7cd-4eeb-9ee0-c1823acf1946",
  "metrics": {
    "validity": 1.0,
    "sum_radii": 2.5994232590010364,
    "target_ratio": 0.9864983905127274,
    "combined_score": 0.9864983905127274,
    "eval_time": 13.130845069885254
  },
  "language": "python",
  "saved_at": 1765007039.815176
}