{
  "id": "0e91f7cd-6e3b-4b78-bf50-49386365ba7b",
  "generation": 1,
  "iteration": 1,
  "timestamp": 1764919338.8660831,
  "parent_id": "bc42c8f5-a180-46ed-9121-1aa8a2e4e83a",
  "metrics": {
    "validity": 1.0,
    "sum_radii": 2.3999999999999995,
    "target_ratio": 0.9108159392789372,
    "combined_score": 0.9108159392789372,
    "eval_time": 0.043775081634521484
  },
  "language": "python",
  "saved_at": 1764919490.344161
}