{
  "id": "a7c8d5fd-7823-42a5-8dfc-1ea422420058",
  "generation": 3,
  "iteration": 48,
  "timestamp": 1764923790.212659,
  "parent_id": "c4674d20-d911-4647-af5e-4391e3e5b021",
  "metrics": {
    "validity": 1.0,
    "sum_radii": 2.4827990524564854,
    "target_ratio": 0.942238729585004,
    "combined_score": 0.942238729585004,
    "eval_time": 0.08334183692932129
  },
  "language": "python",
  "saved_at": 1764923796.046674
}