{
  "best_score": 0.9644862832020149,
  "best_convergence_rate": 5.184106904455305,
  "total_inner_iterations": 50,
  "total_outer_iterations": 10,
  "total_wall_clock_time": 1042.0009410381317,
  "comparison_to_baseline": null,
  "iteration_scores": [
    0.9108159392789374,
    0.9108159392789374,
    0.9596353154373289,
    0.9596353154373289,
    0.9606523082839277,
    0.9606523082839277,
    0.9644862832020149,
    0.9644862832020149,
    0.9644862832020149,
    0.9644862832020149
  ],
  "iteration_convergence_rates": [
    6.5874999999999995,
    5.489583333333333,
    5.210312625605467,
    5.210312625605467,
    5.204796737470821,
    5.204796737470821,
    5.184106904455305,
    5.184106904455305,
    5.184106904455305,
    5.184106904455305
  ]
}