{
  "id": "14f2d229-ba27-49d9-9348-c9d1c11231e7",
  "generation": 0,
  "iteration": 0,
  "timestamp": 1764886772.489883,
  "parent_id": null,
  "metrics": {
    "validity": 1.0,
    "sum_radii": 0.9597642169962064,
    "target_ratio": 0.36423689449571406,
    "combined_score": 0.36423689449571406
  },
  "language": "python",
  "saved_at": 1764886830.505528
}