{
  "id": "2193b852-2021-468a-aadd-66c8d92beb1b",
  "generation": 1,
  "iteration": 1,
  "timestamp": 1764895274.8808131,
  "parent_id": "e90de8e9-f4ef-4f86-9482-e4d281397bc1",
  "metrics": {
    "validity": 1.0,
    "sum_radii": 2.2535898384862243,
    "target_ratio": 0.8552523106209581,
    "combined_score": 0.8552523106209581,
    "eval_time": 0.22035717964172363
  },
  "language": "python",
  "saved_at": 1764895286.393307
}