{
  "id": "b0f811c0-dfa3-4d7c-aab3-a7b21c5da483",
  "generation": 2,
  "iteration": 9,
  "timestamp": 1764893739.750932,
  "parent_id": "45afe2b5-d137-47ac-b2e7-3c4bee11f0a8",
  "metrics": {
    "validity": 1.0,
    "sum_radii": 2.286063691622978,
    "target_ratio": 0.8675763535571075,
    "combined_score": 0.8675763535571075,
    "eval_time": 0.1383533477783203
  },
  "language": "python",
  "saved_at": 1764893743.6497679
}