{
  "id": "06b233ce-cdcc-40e9-afe6-2bd31c5ea7fc",
  "generation": 1,
  "iteration": 5,
  "timestamp": 1764889932.539788,
  "parent_id": "a79d9f7a-3c6b-44e6-966a-927d00f31862",
  "metrics": {
    "validity": 1.0,
    "sum_radii": 2.339999999999999,
    "target_ratio": 0.8880455407969636,
    "combined_score": 0.8880455407969636,
    "eval_time": 0.18017268180847168
  },
  "language": "python",
  "saved_at": 1764889952.4158561
}