{
  "id": "da5d5929-eadb-452d-9d62-76999412dbe1",
  "generation": 1,
  "iteration": 1,
  "timestamp": 1764875473.427349,
  "parent_id": "a7b1d6d2-f219-434d-913b-428febb74f9f",
  "metrics": {
    "validity": 1.0,
    "sum_radii": 1.089027839238256,
    "target_ratio": 0.4132932976236266,
    "combined_score": 0.4132932976236266
  },
  "language": "python",
  "saved_at": 1764875503.238216
}