{
  "best_score": 0.9376511112404762,
  "best_convergence_rate": 5.332473816817849,
  "total_inner_iterations": 50,
  "total_outer_iterations": 10,
  "total_wall_clock_time": 549.3846070766449,
  "comparison_to_baseline": null,
  "iteration_scores": [
    0.7759498388973034,
    0.925603008813152,
    0.9376511112404762,
    0.9376511112404762,
    0.9376511112404762,
    0.9376511112404762,
    0.9376511112404762,
    0.9376511112404762,
    0.9376511112404762,
    0.9376511112404762
  ],
  "iteration_convergence_rates": [
    7.732458593620634,
    6.482260691539301,
    5.332473816817849,
    5.332473816817849,
    6.398968580181419,
    5.332473816817849,
    6.398968580181419,
    5.332473816817849,
    5.332473816817849,
    5.332473816817849
  ]
}