{
  "id": "a646f3dd-c514-4046-a461-87c06464fdc1",
  "generation": 0,
  "iteration": 0,
  "timestamp": 1764873741.874422,
  "parent_id": null,
  "metrics": {
    "validity": 1.0,
    "sum_radii": 0.9597642169962064,
    "target_ratio": 0.36423689449571406,
    "combined_score": 0.36423689449571406
  },
  "language": "python",
  "saved_at": 1764874119.746447
}