{
  "id": "a60171e1-f6fa-49ab-ac76-e5c6ccb1d62a",
  "generation": 3,
  "iteration": 41,
  "timestamp": 1765003791.108758,
  "parent_id": "1fdf7702-5693-4084-adb5-27cd2b51f30b",
  "metrics": {
    "validity": 1.0,
    "sum_radii": 2.5412691781685854,
    "target_ratio": 0.964428530614264,
    "combined_score": 0.964428530614264,
    "eval_time": 4.371421813964844
  },
  "language": "python",
  "saved_at": 1765003828.994401
}