{
  "iterations": [
    0,
    1,
    2,
    3,
    4,
    5,
    6,
    7,
    8,
    9,
    10,
    11,
    12,
    13,
    14,
    15,
    16,
    17,
    18,
    19,
    20,
    21,
    22,
    23,
    24,
    25,
    26,
    27,
    28,
    29,
    30,
    31,
    32,
    33,
    34,
    35,
    36,
    37,
    38,
    39,
    40,
    41,
    42,
    43,
    44,
    45,
    46,
    47,
    48,
    49,
    50
  ],
  "best_scores": [
    0.36423689449571406,
    0.36423689449571406,
    0.36423689449571406,
    0.5974166819883908,
    0.8743175935566595,
    0.8743175935566595,
    0.8743175935566595,
    0.9376511112404762,
    0.9376511112404762,
    0.9376511112404762,
    0.9376511112404762,
    0.9376511112404762,
    0.9376511112404762,
    0.9376511112404762,
    0.9376511112404762,
    0.9376511112404762,
    0.9487813321920947,
    0.9537512277001318,
    0.9537512277001318,
    0.9537512277001318,
    0.9541413660314899,
    0.9541413660314899,
    0.9541413660314899,
    0.9541413660314899,
    0.9541413660314899,
    0.9541413660314899,
    0.9541413660314899,
    0.9541413660314899,
    0.9541413660314899,
    0.9541413660314899,
    0.9541413660314899,
    0.9541413660314899,
    0.9541413660314899,
    0.955115075468767,
    0.955115075468767,
    0.9580439525702178,
    0.9580439525702178,
    0.9580439525702178,
    0.9580439525702178,
    0.9580439525702178,
    0.9580439525702178,
    0.9580439525702178,
    0.9580439525702178,
    0.9580439525702178,
    0.9580439525702178,
    0.9580439525702178,
    0.9580439525702178,
    0.9580439525702178,
    0.9580439525702178,
    0.9580439525702178,
    0.9580439525702178
  ],
  "final_score": 0.9580439525702178,
  "outer_iterations": 5,
  "inner_per_outer": 10,
  "total_programs": 51
}