{
  "best_score": 0.9580439525702178,
  "best_convergence_rate": 10.437934473853977,
  "total_inner_iterations": 50,
  "total_outer_iterations": 5,
  "total_wall_clock_time": 483.5381739139557,
  "comparison_to_baseline": null,
  "iteration_scores": [
    0.9376511112404762,
    0.9537512277001318,
    0.9541413660314899,
    0.9580439525702178,
    0.9580439525702178
  ],
  "iteration_convergence_rates": [
    11.731442396999268,
    10.484914419574507,
    10.480627248761339,
    10.437934473853977,
    10.437934473853977
  ]
}