{
  "id": "5b77d57e-6497-4e3c-ba49-613719db7bd3",
  "generation": 4,
  "iteration": 18,
  "timestamp": 1764926847.775483,
  "parent_id": "a0e73dc7-ddcd-4be8-a2c8-bf9d713b56af",
  "metrics": {
    "validity": 1.0,
    "sum_radii": 2.5213574555424314,
    "target_ratio": 0.9568718996365965,
    "combined_score": 0.9568718996365965,
    "eval_time": 2.0292751789093018
  },
  "language": "python",
  "saved_at": 1764927195.545341
}