{
  "iterations": [
    0,
    1,
    2,
    3,
    4,
    5,
    6,
    7,
    8,
    9,
    10
  ],
  "best_scores": [
    0.36423689449571406,
    0.5085742980580058,
    0.615702466793169,
    0.6201657099839476,
    0.6257114231499054,
    0.6533210146095727,
    0.6533210146095727,
    0.6533210146095727,
    0.6533210146095727,
    0.6533210146095727,
    0.6533210146095727
  ],
  "final_score": 0.6533210146095727,
  "outer_iterations": 5,
  "inner_per_outer": 2,
  "total_programs": 11
}