{
  "id": "2fc22caf-9c0a-4c0c-b2fe-7ba5f30559f4",
  "generation": 1,
  "iteration": 1,
  "timestamp": 1764894455.265559,
  "parent_id": "fdf6079b-4dbe-4166-bb44-dfe5a75a6e43",
  "metrics": {
    "validity": 1.0,
    "sum_radii": 2.4389662673796346,
    "target_ratio": 0.9256038965387609,
    "combined_score": 0.9256038965387609,
    "eval_time": 0.05757904052734375
  },
  "language": "python",
  "saved_at": 1764894979.8236868
}