{
  "id": "4fcb0ac2-d06f-49b3-b460-8b36f006d2a9",
  "generation": 5,
  "iteration": 49,
  "timestamp": 1764929666.092423,
  "parent_id": "da675d4e-ebe0-4db3-b642-fc8ddfe5aade",
  "metrics": {
    "validity": 1.0,
    "sum_radii": 2.5022393015720548,
    "target_ratio": 0.9496164332341764,
    "combined_score": 0.9496164332341764,
    "eval_time": 2.4865829944610596
  },
  "language": "python",
  "saved_at": 1764929666.336263
}