{
  "iterations": [
    0,
    1,
    2,
    3,
    4,
    5,
    6,
    7,
    8,
    9,
    10
  ],
  "best_scores": [
    0.36423689449571406,
    0.8543469176431537,
    0.8543469176431537,
    0.8543469176431537,
    0.8543469176431537,
    0.8543469176431537,
    0.9056541739114762,
    0.9056541739114762,
    0.9056541739114762,
    0.9056541739114762,
    0.9056541739114762
  ],
  "final_score": 0.9056541739114762,
  "outer_iterations": 2,
  "inner_per_outer": 5,
  "total_programs": 12
}