{
  "id": "c6539ab7-50b0-42b6-a465-32ffd6354f4c",
  "generation": 2,
  "iteration": 19,
  "timestamp": 1764920337.731411,
  "parent_id": "24d470fa-bc88-49ba-a2ad-3e99e7ea52cf",
  "metrics": {
    "validity": 1.0,
    "sum_radii": 2.54142135623731,
    "target_ratio": 0.9644862832020152,
    "combined_score": 0.9644862832020152,
    "eval_time": 0.3267073631286621
  },
  "language": "python",
  "saved_at": 1764920595.1059468
}