{
  "id": "031285a6-e0d8-4675-820f-8c96c0c15ac8",
  "generation": 2,
  "iteration": 7,
  "timestamp": 1764969657.6879501,
  "parent_id": "36252810-3380-4522-a81b-ddb9d2db0007",
  "metrics": {
    "validity": 1.0,
    "sum_radii": 2.2720373944916896,
    "target_ratio": 0.8622532806420076,
    "combined_score": 0.8622532806420076,
    "eval_time": 3.2047088146209717
  },
  "language": "python",
  "saved_at": 1764969676.711678
}