{
  "id": "e997b09a-702f-4f39-b312-a4c2d90f77b3",
  "generation": 3,
  "iteration": 19,
  "timestamp": 1764896051.901886,
  "parent_id": "aafc98c2-9748-4c44-8748-230ab9d92451",
  "metrics": {
    "validity": 1.0,
    "sum_radii": 2.431,
    "target_ratio": 0.9225806451612905,
    "combined_score": 0.9225806451612905,
    "eval_time": 0.05476498603820801
  },
  "language": "python",
  "saved_at": 1764896052.109133
}