{
  "id": "61211618-8b1f-48f9-90fc-8993d56e8a4d",
  "generation": 0,
  "iteration": 0,
  "timestamp": 1764889677.302828,
  "parent_id": null,
  "metrics": {
    "validity": 1.0,
    "sum_radii": 0.9597642169962064,
    "target_ratio": 0.36423689449571406,
    "combined_score": 0.36423689449571406
  },
  "language": "python",
  "saved_at": 1764889733.159233
}