{
  "iterations": [
    0,
    1,
    2,
    3,
    4,
    5,
    6,
    7,
    8,
    9,
    10,
    11,
    12,
    13,
    14,
    15,
    16,
    17,
    18,
    19,
    20,
    21,
    22,
    23,
    24,
    25,
    26,
    27,
    28,
    29,
    30,
    31,
    32,
    33,
    34,
    35,
    36,
    37,
    38,
    39,
    40,
    41,
    42,
    43,
    44,
    45,
    46,
    47,
    48,
    49,
    50
  ],
  "best_scores": [
    0.36423689449571406,
    0.82896129223751,
    0.9140310121400022,
    0.9140310121400022,
    0.9140310121400022,
    0.9140310121400022,
    0.9140310121400022,
    0.9140310121400022,
    0.9140310121400022,
    0.9140310121400022,
    0.9205218222344228,
    0.9205218222344228,
    0.9205218222344228,
    0.9205218222344228,
    0.9205218222344228,
    0.9205218222344228,
    0.9205218222344228,
    0.9306244886195044,
    0.9306244886195044,
    0.9341275309953772,
    0.93757035955716,
    0.93757035955716,
    0.9450293724967522,
    0.9450293724967522,
    0.9450293724967522,
    0.9450293724967522,
    0.9450293724967522,
    0.9450293724967522,
    0.9450293724967522,
    0.9450293724967522,
    0.9490296461061591,
    0.9542690332894398,
    0.9542690332894398,
    0.9542690332894398,
    0.9542690332894398,
    0.9542690332894398,
    0.9870444876209639,
    0.9870444876209639,
    0.9870444876209639,
    0.9870444876209639,
    0.9870444876209639,
    0.9870444876209639,
    0.9870444876209639,
    0.9870444876209639,
    0.9870444876209639,
    0.9870444876209639,
    0.9870444876209639,
    0.9870444876209639,
    0.9870444876209639,
    0.9870444876209639,
    0.9870444876209639
  ],
  "final_score": 0.9870444876209639,
  "outer_iterations": 2,
  "inner_per_outer": 25,
  "total_programs": 54
}