{
  "best_score": 0.9870444876209639,
  "best_convergence_rate": 26.341264579337068,
  "total_inner_iterations": 50,
  "total_outer_iterations": 2,
  "total_wall_clock_time": 1018.7288839817047,
  "comparison_to_baseline": null,
  "iteration_scores": [
    0.9450293724967522,
    0.9870444876209639
  ],
  "iteration_convergence_rates": [
    29.628708709893804,
    26.341264579337068
  ]
}