{
  "id": "4e1bb8c3-aa14-48b3-8e99-d851699ddf2e",
  "generation": 2,
  "iteration": 7,
  "timestamp": 1764906549.81996,
  "parent_id": "420cb2ce-9cd0-44c3-a24e-03b3d8888ff9",
  "metrics": {
    "validity": 1.0,
    "sum_radii": 2.483182516095363,
    "target_ratio": 0.9423842565826805,
    "combined_score": 0.9423842565826805,
    "eval_time": 1.6485059261322021
  },
  "language": "python",
  "saved_at": 1764906554.463579
}