{
  "id": "2a385f34-2302-40f1-a197-2888ccf8c07b",
  "generation": 2,
  "iteration": 16,
  "timestamp": 1765005006.479564,
  "parent_id": "52c3afd9-deb0-42de-ae0d-768be029dcca",
  "metrics": {
    "validity": 1.0,
    "sum_radii": 2.54142135623731,
    "target_ratio": 0.9644862832020152,
    "combined_score": 0.9644862832020152,
    "eval_time": 0.2186288833618164
  },
  "language": "python",
  "saved_at": 1765005277.015339
}