{
  "id": "e81b0d8f-d3c0-4a1d-865e-e3c8e1511652",
  "generation": 0,
  "iteration": 0,
  "timestamp": 1764886984.489991,
  "parent_id": null,
  "metrics": {
    "validity": 1.0,
    "sum_radii": 0.9597642169962064,
    "target_ratio": 0.36423689449571406,
    "combined_score": 0.36423689449571406
  },
  "language": "python",
  "saved_at": 1764887040.651585
}