{
  "id": "8163b3cc-41b5-4cf5-9f31-4af67c47d178",
  "generation": 6,
  "iteration": 38,
  "timestamp": 1764909370.494525,
  "parent_id": "2faa7c50-91d7-4fab-8fd8-3452c817cab4",
  "metrics": {
    "runs_successfully": 1.0,
    "composite_score": 0.3930990774157702,
    "output_length": 91.0,
    "overall_score": 0.3679736744576183,
    "slope_changes": 101.8,
    "lag_error": 0.7105188394650628,
    "avg_error": 1.485595990650129,
    "false_reversals": 82.4,
    "correlation": 0.3894666049770762,
    "noise_reduction": 0.0,
    "smoothness_score": 0.16420361247947454,
    "responsiveness_score": 0.5846179398484345,
    "accuracy_score": 0.3894666049770762,
    "efficiency_score": 1.0,
    "execution_time": 0.0010913848876953126,
    "success_rate": 1.0
  },
  "language": "python",
  "saved_at": 1764909422.107263
}