{
  "id": "efe1686f-c254-409f-a3ad-97306852240c",
  "generation": 1,
  "iteration": 5,
  "timestamp": 1765049434.732051,
  "parent_id": "c8d3969c-7f4a-4b9d-8e75-069e9ef23263",
  "metrics": {
    "validity": 1.0,
    "sum_radii": 2.08,
    "target_ratio": 0.7893738140417458,
    "combined_score": 0.7893738140417458,
    "eval_time": 0.16704273223876953
  },
  "language": "python",
  "saved_at": 1765049443.234968
}