{
  "id": "20538098-9a3a-4795-a08e-384149d18129",
  "generation": 7,
  "iteration": 45,
  "timestamp": 1764955194.008469,
  "parent_id": "ff120982-43ee-4fc1-b84f-2d1711dd7a76",
  "metrics": {
    "validity": 1.0,
    "sum_radii": 2.448822427896899,
    "target_ratio": 0.9293443749134342,
    "combined_score": 0.9293443749134342,
    "eval_time": 0.11938881874084473
  },
  "language": "python",
  "saved_at": 1764955839.207531
}