{
  "id": "bb2757d5-ae2a-4d1a-bbe3-6cdaae31c42d",
  "generation": 0,
  "iteration": 0,
  "timestamp": 1764888509.9804769,
  "parent_id": null,
  "metrics": {
    "validity": 1.0,
    "sum_radii": 0.9597642169962064,
    "target_ratio": 0.36423689449571406,
    "combined_score": 0.36423689449571406
  },
  "language": "python",
  "saved_at": 1764888561.873325
}