{
  "id": "e7d5c773-de81-4078-85f6-ac1a967a95f2",
  "generation": 1,
  "iteration": 11,
  "timestamp": 1764896263.501004,
  "parent_id": "664be1f5-933c-4810-a40e-da3a3680db35",
  "metrics": {
    "validity": 1.0,
    "sum_radii": 1.4367234311278332,
    "target_ratio": 0.5452460839194814,
    "combined_score": 0.5452460839194814,
    "eval_time": 0.18204784393310547
  },
  "language": "python",
  "saved_at": 1764896326.480351
}