{
  "id": "cdfd78d0-0a7e-4047-ac46-f6134bc3fc27",
  "generation": 2,
  "iteration": 6,
  "timestamp": 1764893798.6376991,
  "parent_id": "475ebd42-a7ab-4a04-b51f-9a7df3b91359",
  "metrics": {
    "validity": 1.0,
    "sum_radii": 2.131120390223207,
    "target_ratio": 0.808774341640686,
    "combined_score": 0.808774341640686,
    "eval_time": 0.06271696090698242
  },
  "language": "python",
  "saved_at": 1764893810.953405
}