{
  "id": "2488ce32-54db-4f8e-ae43-d471e5ea00cf",
  "generation": 0,
  "iteration": 0,
  "timestamp": 1764886072.146164,
  "parent_id": null,
  "metrics": {
    "validity": 1.0,
    "sum_radii": 0.9597642169962064,
    "target_ratio": 0.36423689449571406,
    "combined_score": 0.36423689449571406
  },
  "language": "python",
  "saved_at": 1764886128.357493
}