{
  "id": "af633a3e-2abb-4968-8811-5b861a2df389",
  "generation": 1,
  "iteration": 4,
  "timestamp": 1764888593.685728,
  "parent_id": "de6c2ff1-142d-404b-9f1d-e48fd4370289",
  "metrics": {
    "validity": 1.0,
    "sum_radii": 1.69927030123968,
    "target_ratio": 0.6448843647968425,
    "combined_score": 0.6448843647968425,
    "eval_time": 0.17669296264648438
  },
  "language": "python",
  "saved_at": 1764889190.0530019
}