{
  "id": "6493e3f1-2e59-4476-9798-28c79ff77085",
  "generation": 0,
  "iteration": 0,
  "timestamp": 1764889471.279139,
  "parent_id": null,
  "metrics": {
    "validity": 1.0,
    "sum_radii": 0.9597642169962064,
    "target_ratio": 0.36423689449571406,
    "combined_score": 0.36423689449571406
  },
  "language": "python",
  "saved_at": 1764889526.8572319
}