{
  "id": "29d11ec6-b03c-48d9-b93e-b8500c59205c",
  "generation": 4,
  "iteration": 39,
  "timestamp": 1765053303.624948,
  "parent_id": "6c4c20e3-b05d-455b-a2e9-d7fe7f092f2d",
  "metrics": {
    "validity": 1.0,
    "sum_radii": 2.5368740105252052,
    "target_ratio": 0.9627605353036833,
    "combined_score": 0.9627605353036833,
    "eval_time": 4.252706050872803
  },
  "language": "python",
  "saved_at": 1765053352.246121
}