{
  "id": "30a23a40-23ed-4c4e-b961-4d164eff17a5",
  "generation": 4,
  "iteration": 46,
  "timestamp": 1764917859.489105,
  "parent_id": "a5c2e14d-9246-451f-a72a-69ae612f1068",
  "metrics": {
    "validity": 1.0,
    "sum_radii": 2.5019131587747108,
    "target_ratio": 0.9494926598765506,
    "combined_score": 0.9494926598765506,
    "eval_time": 1.8463311195373535
  },
  "language": "python",
  "saved_at": 1764917891.075655
}