{
  "id": "310360a3-0253-4ef7-b38f-57b9ceb45857",
  "generation": 2,
  "iteration": 10,
  "timestamp": 1764921585.134372,
  "parent_id": "02a35fb8-adc9-43ce-9121-94a330769972",
  "metrics": {
    "validity": 1.0,
    "sum_radii": 2.438966267381147,
    "target_ratio": 0.9256038965393348,
    "combined_score": 0.9256038965393348,
    "eval_time": 0.04099607467651367
  },
  "language": "python",
  "saved_at": 1764921850.691817
}