{
  "id": "ea86ed2c-17cb-4399-b64d-4e2baf65be59",
  "generation": 3,
  "iteration": 39,
  "timestamp": 1764922559.7954812,
  "parent_id": "2aaa0f67-6d50-4764-b261-1adb3b84ee2f",
  "metrics": {
    "validity": 1.0,
    "sum_radii": 2.4729901378243606,
    "target_ratio": 0.9385161813375184,
    "combined_score": 0.9385161813375184,
    "eval_time": 12.137032985687256
  },
  "language": "python",
  "saved_at": 1764922583.541539
}