{
  "id": "2f70d6ea-538f-46f2-820e-8cd188f54455",
  "generation": 3,
  "iteration": 7,
  "timestamp": 1764993075.957043,
  "parent_id": "2c26dc5f-4a2d-4746-ad6a-8acc4eb09a46",
  "metrics": {
    "validity": 1.0,
    "sum_radii": 2.4441532853111054,
    "target_ratio": 0.9275724042926397,
    "combined_score": 0.9275724042926397,
    "eval_time": 0.21168994903564453
  },
  "language": "python",
  "saved_at": 1764993212.192658
}