{
  "id": "0c027001-65d2-4462-b0c5-8dc4ba9f491a",
  "generation": 4,
  "iteration": 100,
  "current_iteration": 100,
  "metrics": {
    "validity": 1.0,
    "sum_radii": 2.503645663550574,
    "target_ratio": 0.9501501569451896,
    "combined_score": 0.9501501569451896,
    "eval_time": 2.5573129653930664
  },
  "language": "python",
  "timestamp": 1764882837.862143,
  "saved_at": 1764882837.9164338
}