{
  "iterations": [
    0,
    1,
    2,
    3,
    4,
    5,
    6,
    7,
    8,
    9,
    10
  ],
  "best_scores": [
    0.36423689449571406,
    0.8108868711237253,
    0.8108868711237253,
    0.8126023388154975,
    0.823976498286083,
    0.838156155647148,
    0.8429790392195198,
    0.8429790392195198,
    0.8429790392195198,
    0.8429790392195198,
    0.8429790392195198
  ],
  "final_score": 0.8429790392195198,
  "outer_iterations": 5,
  "inner_per_outer": 2,
  "total_programs": 12
}