{
  "iterations": [
    0,
    1,
    2,
    3,
    4,
    5,
    6,
    7,
    8,
    9,
    10,
    11,
    12,
    13,
    14,
    15,
    16,
    17,
    18,
    19,
    20
  ],
  "best_scores": [
    0.36423689449571406,
    0.36423689449571406,
    0.36423689449571406,
    0.36423689449571406,
    0.36423689449571406,
    0.36423689449571406,
    0.36423689449571406,
    0.36423689449571406,
    0.36423689449571406,
    0.36423689449571406,
    0.36423689449571406,
    0.5452460839194814,
    0.5452460839194814,
    0.5452460839194814,
    0.5452460839194814,
    0.5452460839194814,
    0.5452460839194814,
    0.5452460839194814,
    0.5452460839194814,
    0.5452460839194814,
    0.5452460839194814
  ],
  "final_score": 0.5452460839194814,
  "outer_iterations": 4,
  "inner_per_outer": 5,
  "total_programs": 23
}