{
  "id": "d1950389-a821-4e7a-9c91-a0d4a81c60c0",
  "generation": 3,
  "iteration": 42,
  "timestamp": 1764922739.022441,
  "parent_id": "4e3889ed-7c4c-4aa5-8df6-d557791087cc",
  "metrics": {
    "validity": 1.0,
    "sum_radii": 2.491805617866572,
    "target_ratio": 0.9456567809740312,
    "combined_score": 0.9456567809740312,
    "eval_time": 0.15607786178588867
  },
  "language": "python",
  "saved_at": 1764922785.7858272
}