{
  "id": "79bb8081-92c7-4d04-b7db-e5c47de762d2",
  "generation": 0,
  "iteration": 0,
  "timestamp": 1764893529.934741,
  "parent_id": null,
  "metrics": {
    "validity": 1.0,
    "sum_radii": 0.9597642169962064,
    "target_ratio": 0.36423689449571406,
    "combined_score": 0.36423689449571406
  },
  "language": "python",
  "saved_at": 1764893566.916063
}