{
  "id": "453be72c-3ed8-4382-ad58-288c6393542c",
  "generation": 0,
  "iteration": 0,
  "timestamp": 1764886210.372086,
  "parent_id": null,
  "metrics": {
    "validity": 1.0,
    "sum_radii": 0.9597642169962064,
    "target_ratio": 0.36423689449571406,
    "combined_score": 0.36423689449571406
  },
  "language": "python",
  "saved_at": 1764886266.55182
}