{
  "id": "2963f5a3-cc80-47ba-a0f5-7ed638bc0038",
  "generation": 2,
  "iteration": 9,
  "timestamp": 1765058535.4293802,
  "parent_id": "0f2ca813-abef-4c1f-b09e-182d513f7141",
  "metrics": {
    "validity": 1.0,
    "sum_radii": 2.54142135623731,
    "target_ratio": 0.9644862832020152,
    "combined_score": 0.9644862832020152,
    "eval_time": 0.2076399326324463
  },
  "language": "python",
  "saved_at": 1765059202.4476988
}