{
  "best_score": 0.8763465047926698,
  "best_convergence_rate": 11.411011449593042,
  "total_inner_iterations": 50,
  "total_outer_iterations": 5,
  "total_wall_clock_time": 438.2814316749573,
  "comparison_to_baseline": null,
  "iteration_scores": [
    0.7047980482515586,
    0.7047980482515586,
    0.7047980482515586,
    0.8763465047926698,
    0.8763465047926698
  ],
  "iteration_convergence_rates": [
    18.445000000000004,
    14.18846153846154,
    14.18846153846154,
    11.411011449593042,
    12.552112594552348
  ]
}