{
  "best_score": 0.9644862832020152,
  "best_convergence_rate": 10.368213808910607,
  "total_inner_iterations": 50,
  "total_outer_iterations": 5,
  "total_wall_clock_time": 446.2047870159149,
  "comparison_to_baseline": null,
  "iteration_scores": [
    0.9487666034155596,
    0.9644862832020151,
    0.9644862832020152,
    0.9644862832020152,
    0.9644862832020152
  ],
  "iteration_convergence_rates": [
    11.594000000000001,
    10.368213808910607,
    10.368213808910607,
    10.368213808910607,
    10.368213808910607
  ]
}