{
  "id": "f674dab5-57a8-4330-af11-6f0bd7961d09",
  "generation": 1,
  "iteration": 5,
  "timestamp": 1764907493.306582,
  "parent_id": "ab6ea7e0-41ed-4776-83a2-e5e0f62c0100",
  "metrics": {
    "validity": 1.0,
    "sum_radii": 2.1666666666587844,
    "target_ratio": 0.8222643896238272,
    "combined_score": 0.8222643896238272,
    "eval_time": 0.05305004119873047
  },
  "language": "python",
  "saved_at": 1764907509.074479
}