{
  "id": "65864bb2-de53-4f9d-a407-76fddea0541e",
  "generation": 0,
  "iteration": 0,
  "timestamp": 1764886142.281893,
  "parent_id": null,
  "metrics": {
    "validity": 1.0,
    "sum_radii": 0.9597642169962064,
    "target_ratio": 0.36423689449571406,
    "combined_score": 0.36423689449571406
  },
  "language": "python",
  "saved_at": 1764886197.4519591
}