{
  "id": "98dc37c7-f053-49cc-beaa-893a6cb39410",
  "generation": 0,
  "iteration": 0,
  "timestamp": 1764889964.9156811,
  "parent_id": null,
  "metrics": {
    "validity": 1.0,
    "sum_radii": 0.9597642169962064,
    "target_ratio": 0.36423689449571406,
    "combined_score": 0.36423689449571406
  },
  "language": "python",
  "saved_at": 1764890021.781457
}