{
  "best_score": 0.9422084630322602,
  "best_convergence_rate": 5.306681266594403,
  "total_inner_iterations": 50,
  "total_outer_iterations": 10,
  "total_wall_clock_time": 814.2531628608704,
  "comparison_to_baseline": null,
  "iteration_scores": [
    0.9297912713472486,
    0.9297912713472486,
    0.9311398066767641,
    0.9376511112404762,
    0.9376511112404762,
    0.9420973081105096,
    0.9420973081105096,
    0.9420973081105096,
    0.9422084630322602,
    0.9422084630322602
  ],
  "iteration_convergence_rates": [
    6.453061224489796,
    6.453061224489796,
    5.369762912236551,
    5.332473816817849,
    5.332473816817849,
    5.307307384232002,
    5.307307384232002,
    6.3687688610784035,
    5.306681266594403,
    5.306681266594403
  ]
}