{
  "id": "f9402c3f-fa1b-444c-9de9-383212f4ee60",
  "generation": 4,
  "iteration": 44,
  "timestamp": 1764903356.721141,
  "parent_id": "2d46ca1a-08a8-4f78-80c6-cd50e89cbc3f",
  "metrics": {
    "validity": 1.0,
    "sum_radii": 2.4347482909146207,
    "target_ratio": 0.9240031464571616,
    "combined_score": 0.9240031464571616,
    "eval_time": 0.11697626113891602
  },
  "language": "python",
  "saved_at": 1764903406.507731
}