{
  "id": "55707146-cb2a-46a4-a263-a60a12848355",
  "generation": 3,
  "iteration": 50,
  "timestamp": 1764918638.243402,
  "parent_id": "35b14549-df56-40cc-afaf-5d0bc1ae0fed",
  "metrics": {
    "validity": 1.0,
    "sum_radii": 2.5282133776240645,
    "target_ratio": 0.9594737675992655,
    "combined_score": 0.9594737675992655,
    "eval_time": 0.36188220977783203
  },
  "language": "python",
  "saved_at": 1764918638.4660008
}