{
  "id": "a9c3f2af-2181-4ae3-a47b-7e9bce8f9a89",
  "generation": 1,
  "iteration": 2,
  "timestamp": 1764886648.777262,
  "parent_id": "7800bf3c-3572-474d-af8d-95182965b92c",
  "metrics": {
    "validity": 1.0,
    "sum_radii": 1.3232285907215213,
    "target_ratio": 0.5021740382244864,
    "combined_score": 0.5021740382244864,
    "eval_time": 0.3025999069213867
  },
  "language": "python",
  "saved_at": 1764886685.814615
}