{
  "id": "3aba7b39-5723-4a9f-9f69-7038cae3b121",
  "generation": 0,
  "iteration": 0,
  "timestamp": 1764897302.4332428,
  "parent_id": null,
  "metrics": {
    "validity": 1.0,
    "sum_radii": 0.9597642169962064,
    "target_ratio": 0.36423689449571406,
    "combined_score": 0.36423689449571406
  },
  "language": "python",
  "saved_at": 1764897492.923459
}