{
  "id": "b6d63568-2f91-408f-b0cb-4648e1406d59",
  "generation": 4,
  "iteration": 37,
  "timestamp": 1764898601.1270468,
  "parent_id": "05503474-e455-4f69-8cea-9b1de7c7c16f",
  "metrics": {
    "validity": 1.0,
    "sum_radii": 2.5919980208352777,
    "target_ratio": 0.983680463315096,
    "combined_score": 0.983680463315096,
    "eval_time": 17.40218496322632
  },
  "language": "python",
  "saved_at": 1764899162.861109
}