{
  "id": "7b35aad3-2094-425a-86b6-1dbdd492d895",
  "generation": 1,
  "iteration": 14,
  "timestamp": 1764896885.815341,
  "parent_id": "ccc0c43e-87fb-4247-8142-e67a6da45cbf",
  "metrics": {
    "validity": 1.0,
    "sum_radii": 1.187867965644036,
    "target_ratio": 0.45080378202809723,
    "combined_score": 0.45080378202809723
  },
  "language": "python",
  "saved_at": 1764896899.0214689
}