{
  "id": "fdae1a7b-b8d5-482d-aca1-147f8f0df282",
  "generation": 0,
  "iteration": 0,
  "timestamp": 1764889271.791069,
  "parent_id": null,
  "metrics": {
    "validity": 1.0,
    "sum_radii": 0.9597642169962064,
    "target_ratio": 0.36423689449571406,
    "combined_score": 0.36423689449571406
  },
  "language": "python",
  "saved_at": 1764889328.2323918
}