{
  "id": "50935745-1939-4010-8e0a-26ce2dd19e1e",
  "generation": 0,
  "iteration": 0,
  "timestamp": 1764889407.142142,
  "parent_id": null,
  "metrics": {
    "validity": 1.0,
    "sum_radii": 0.9597642169962064,
    "target_ratio": 0.36423689449571406,
    "combined_score": 0.36423689449571406
  },
  "language": "python",
  "saved_at": 1764889461.719558
}