{
  "id": "19065111-587b-4564-be90-e437a30692f5",
  "generation": 5,
  "iteration": 6,
  "timestamp": 1764992299.0691378,
  "parent_id": "a7041ccb-3973-463f-80b8-999f4dd57689",
  "metrics": {
    "validity": 1.0,
    "sum_radii": 2.400639237624404,
    "target_ratio": 0.91105853420281,
    "combined_score": 0.91105853420281,
    "eval_time": 1.0712709426879883
  },
  "language": "python",
  "saved_at": 1764992299.207314
}