{
  "best_score": 0.9256038965396866,
  "best_convergence_rate": 6.482254474544276,
  "total_inner_iterations": 10,
  "total_outer_iterations": 2,
  "total_wall_clock_time": 228.99449706077576,
  "comparison_to_baseline": null,
  "iteration_scores": [
    0.9256038965396866,
    0.9256038965396866
  ],
  "iteration_convergence_rates": [
    6.482254474544276,
    6.482254474544276
  ]
}