{
  "id": "28796022-7d5c-4e41-b453-b032bdb90a2c",
  "generation": 6,
  "iteration": 33,
  "timestamp": 1764923494.53937,
  "parent_id": "c0d41dfa-7613-48ac-b275-b84b54f447b9",
  "metrics": {
    "validity": 1.0,
    "sum_radii": 2.4827193000900056,
    "target_ratio": 0.9422084630322602,
    "combined_score": 0.9422084630322602,
    "eval_time": 0.19443488121032715
  },
  "language": "python",
  "saved_at": 1764923600.0576131
}