{
  "iterations": [
    0,
    1,
    2,
    3,
    4,
    5,
    6,
    7,
    8,
    9,
    10
  ],
  "best_scores": [
    0.36423689449571406,
    0.5906634379772341,
    0.5906634379772341,
    0.7047980482515585,
    0.7047980482515585,
    0.7047980482515586,
    0.9256038086690306,
    0.9256038086690306,
    0.9256038086690306,
    0.9256038086690306,
    0.9256038086690306
  ],
  "final_score": 0.9256038086690306,
  "outer_iterations": 2,
  "inner_per_outer": 5,
  "total_programs": 12
}