{
  "best_score": 0.9256038086690306,
  "best_convergence_rate": 6.482255089926308,
  "total_inner_iterations": 10,
  "total_outer_iterations": 2,
  "total_wall_clock_time": 70.47113800048828,
  "comparison_to_baseline": null,
  "iteration_scores": [
    0.7047980482515586,
    0.9256038086690306
  ],
  "iteration_convergence_rates": [
    8.513076923076925,
    6.482255089926308
  ]
}