{
  "id": "a5757f52-b919-488d-b525-0ba9025697ff",
  "generation": 0,
  "iteration": 0,
  "timestamp": 1764887124.9551098,
  "parent_id": null,
  "metrics": {
    "validity": 1.0,
    "sum_radii": 0.9597642169962064,
    "target_ratio": 0.36423689449571406,
    "combined_score": 0.36423689449571406
  },
  "language": "python",
  "saved_at": 1764887181.8888152
}