{
  "id": "532d824f-dc2a-43f3-9cbc-22424b65a546",
  "generation": 0,
  "iteration": 0,
  "timestamp": 1764889537.904634,
  "parent_id": null,
  "metrics": {
    "validity": 1.0,
    "sum_radii": 0.9597642169962064,
    "target_ratio": 0.36423689449571406,
    "combined_score": 0.36423689449571406
  },
  "language": "python",
  "saved_at": 1764889595.400932
}