{
  "iterations": [
    0,
    1,
    2,
    3,
    4,
    5,
    6,
    7,
    8,
    9,
    10,
    11,
    12,
    13,
    14,
    15,
    16,
    17,
    18,
    19,
    20,
    21,
    22,
    23,
    24,
    25,
    26,
    27,
    28,
    29,
    30,
    31,
    32,
    33,
    34,
    35,
    36,
    37,
    38,
    39,
    40,
    41,
    42,
    43,
    44,
    45,
    46,
    47,
    48,
    49,
    50
  ],
  "best_scores": [
    0.36423689449571406,
    0.9255113361496808,
    0.9256038959694769,
    0.9256038959694769,
    0.9256038959694769,
    0.9256038959694769,
    0.9256038959694769,
    0.9256038959694769,
    0.9256038959694769,
    0.9256038959694769,
    0.9512254812948192,
    0.9512254812948192,
    0.9512254812948192,
    0.9512254812948192,
    0.9512254812948192,
    0.9512254812948192,
    0.9512254812948192,
    0.9512254812948192,
    0.9568718996365965,
    0.9568718996365965,
    0.9568718996365965,
    0.9568718996365965,
    0.9568718996365965,
    0.9568718996365965,
    0.9568718996365965,
    0.9568718996365965,
    0.9568718996365965,
    0.9568718996365965,
    0.9568718996365965,
    0.9568718996365965,
    0.9568718996365965,
    0.9568718996365965,
    0.9568718996365965,
    0.9568718996365965,
    0.9568718996365965,
    0.9568718996365965,
    0.9568718996365965,
    0.9568718996365965,
    0.9568718996365965,
    0.9568718996365965,
    0.9568718996365965,
    0.9568718996365965,
    0.9568718996365965,
    0.9568718996365965,
    0.9568718996365965,
    0.9568718996365965,
    0.9568718996365965,
    0.9568718996365965,
    0.9568718996365965,
    0.9568718996365965,
    0.9568718996365965
  ],
  "final_score": 0.9568718996365965,
  "outer_iterations": 5,
  "inner_per_outer": 10,
  "total_programs": 54
}