{
  "id": "399dcd2f-9490-4dce-9b1c-4637feaadd33",
  "generation": 0,
  "iteration": 0,
  "timestamp": 1764889339.83326,
  "parent_id": null,
  "metrics": {
    "validity": 1.0,
    "sum_radii": 0.9597642169962064,
    "target_ratio": 0.36423689449571406,
    "combined_score": 0.36423689449571406
  },
  "language": "python",
  "saved_at": 1764889396.771754
}