{
  "id": "e60fbb40-c3a4-455e-88c0-1853d8e6f0c3",
  "generation": 0,
  "iteration": 0,
  "timestamp": 1764886349.6170728,
  "parent_id": null,
  "metrics": {
    "validity": 1.0,
    "sum_radii": 0.9597642169962064,
    "target_ratio": 0.36423689449571406,
    "combined_score": 0.36423689449571406
  },
  "language": "python",
  "saved_at": 1764886405.8182871
}