{
  "best_score": 0.36423689449571406,
  "best_convergence_rate": 2.745465973139541,
  "total_inner_iterations": 48,
  "total_outer_iterations": 4,
  "total_wall_clock_time": 514.136971950531,
  "comparison_to_baseline": null,
  "iteration_scores": [
    0.36423689449571406,
    0.36423689449571406,
    0.36423689449571406,
    0.36423689449571406
  ],
  "iteration_convergence_rates": [
    2.745465973139541,
    2.745465973139541,
    2.745465973139541,
    2.745465973139541
  ]
}