{
  "id": "a5cd778d-4db3-4270-b47b-564d543eb25d",
  "generation": 1,
  "iteration": 1,
  "timestamp": 1764975019.615472,
  "parent_id": "72be6373-1ae2-4828-83c8-d24276f6341a",
  "metrics": {
    "validity": 1.0,
    "sum_radii": 2.339999999999999,
    "target_ratio": 0.8880455407969636,
    "combined_score": 0.8880455407969636,
    "eval_time": 0.22023797035217285
  },
  "language": "python",
  "saved_at": 1764975175.0221481
}