{
  "id": "bac8cdcb-2733-4f60-b0bf-0aa97244f734",
  "generation": 6,
  "iteration": 36,
  "timestamp": 1764929186.999549,
  "parent_id": "d6c05273-ab21-436d-9880-86489111b001",
  "metrics": {
    "validity": 1.0,
    "sum_radii": 2.6008622248812396,
    "target_ratio": 0.9870444876209639,
    "combined_score": 0.9870444876209639,
    "eval_time": 81.33280181884766
  },
  "language": "python",
  "saved_at": 1764929460.63181
}