{
  "id": "b4776508-bd43-416d-83df-7846c771b5af",
  "generation": 3,
  "iteration": 13,
  "timestamp": 1764895191.540652,
  "parent_id": "c4a22156-48bb-4de9-9747-65edecf3f10d",
  "metrics": {
    "validity": 1.0,
    "sum_radii": 2.3341043683566216,
    "target_ratio": 0.885808109433253,
    "combined_score": 0.885808109433253,
    "eval_time": 2.5243940353393555
  },
  "language": "python",
  "saved_at": 1764895238.434884
}