{
  "id": "7463d1eb-6cbe-4190-80af-7d6d8cd82aa2",
  "generation": 0,
  "iteration": 0,
  "timestamp": 1764874266.7685199,
  "parent_id": null,
  "metrics": {
    "validity": 1.0,
    "sum_radii": 0.9597642169962064,
    "target_ratio": 0.36423689449571406,
    "combined_score": 0.36423689449571406
  },
  "language": "python",
  "saved_at": 1764874386.072766
}