{
  "id": "f31dfa62-ab3e-4a03-80ca-09a44efb4691",
  "generation": 3,
  "iteration": 36,
  "timestamp": 1764905237.9549341,
  "parent_id": "726ca70b-6a89-4701-9309-0d4367dd5d02",
  "metrics": {
    "validity": 1.0,
    "sum_radii": 2.3091730401286847,
    "target_ratio": 0.8763465047926698,
    "combined_score": 0.8763465047926698,
    "eval_time": 0.13158488273620605
  },
  "language": "python",
  "saved_at": 1764905324.7355719
}