{
  "best_score": 0.4132932976236266,
  "best_convergence_rate": 14.517535209254746,
  "total_inner_iterations": 20,
  "total_outer_iterations": 4,
  "total_wall_clock_time": 378.03810715675354,
  "comparison_to_baseline": null,
  "iteration_scores": [
    0.36423689449571406,
    0.36423689449571406,
    0.4132932976236266,
    0.4132932976236266
  ],
  "iteration_convergence_rates": [
    16.472795838837246,
    16.472795838837246,
    14.517535209254746,
    14.517535209254746
  ]
}