{
  "id": "b9ed9e27-5533-408f-af54-e95dc38042bf",
  "generation": 6,
  "iteration": 41,
  "timestamp": 1765061278.724128,
  "parent_id": "f4947642-eb85-4bb4-a281-72ee56940fc6",
  "metrics": {
    "validity": 1.0,
    "sum_radii": 2.558122764677048,
    "target_ratio": 0.9708245786250657,
    "combined_score": 0.9708245786250657,
    "eval_time": 50.29474997520447
  },
  "language": "python",
  "saved_at": 1765061462.29047
}