{
  "id": "ed6ae874-e7eb-4731-a6b3-b8c70ccd7351",
  "generation": 4,
  "iteration": 49,
  "timestamp": 1764926043.8071601,
  "parent_id": "13e2a6da-5f4d-4de3-babb-bb16786e8402",
  "metrics": {
    "validity": 1.0,
    "sum_radii": 2.5013911161168774,
    "target_ratio": 0.9492945412208263,
    "combined_score": 0.9492945412208263,
    "eval_time": 0.3359379768371582
  },
  "language": "python",
  "saved_at": 1764926046.549637
}