{
  "id": "a241f642-bbda-44ba-b431-834c14ec819d",
  "generation": 3,
  "iteration": 18,
  "timestamp": 1764897288.542511,
  "parent_id": "08e86830-560c-4e11-a47a-9fbbddbb3251",
  "metrics": {
    "validity": 1.0,
    "sum_radii": 2.3550604909977384,
    "target_ratio": 0.893761097152842,
    "combined_score": 0.893761097152842,
    "eval_time": 0.16448616981506348
  },
  "language": "python",
  "saved_at": 1764897293.114495
}