{
  "id": "873aeb8f-af15-421b-8ae3-42cb9e625c75",
  "generation": 0,
  "iteration": 0,
  "timestamp": 1764885932.005923,
  "parent_id": null,
  "metrics": {
    "validity": 1.0,
    "sum_radii": 0.9597642169962064,
    "target_ratio": 0.36423689449571406,
    "combined_score": 0.36423689449571406
  },
  "language": "python",
  "saved_at": 1764885989.273741
}