{
  "id": "1bbdb99b-42d9-4a6a-9cb4-d400adc64fe8",
  "generation": 7,
  "iteration": 434,
  "current_iteration": 500,
  "metrics": {
    "runs_successfully": 1.0,
    "composite_score": 0.41313607247534356,
    "output_length": 91.0,
    "overall_score": 0.28813772418464545,
    "slope_changes": 154.8,
    "lag_error": 0.35881931759431995,
    "avg_error": 0.9556927600460691,
    "false_reversals": 125.6,
    "correlation": -0.007282066797801695,
    "noise_reduction": 0.0,
    "smoothness_score": 0.11441647597254004,
    "responsiveness_score": 0.7359330170330661,
    "accuracy_score": 0.0,
    "efficiency_score": 1.0,
    "execution_time": 0.0006565570831298829,
    "success_rate": 1.0
  },
  "language": "python",
  "timestamp": 1764933356.845453,
  "saved_at": 1764933741.535987
}