{
  "id": "ac536c45-bd3b-4a03-86f4-b36b1d1a5816",
  "generation": 0,
  "iteration": 0,
  "timestamp": 1764886913.9908621,
  "parent_id": null,
  "metrics": {
    "validity": 1.0,
    "sum_radii": 0.9597642169962064,
    "target_ratio": 0.36423689449571406,
    "combined_score": 0.36423689449571406
  },
  "language": "python",
  "saved_at": 1764886970.650285
}