{
  "id": "71f92f12-602c-4bd8-9949-bf94097563cc",
  "generation": 3,
  "iteration": 19,
  "timestamp": 1764958548.5112262,
  "parent_id": "4d76241c-01ac-453c-8102-0b266e398d9e",
  "metrics": {
    "validity": 1.0,
    "sum_radii": 2.4780492800181264,
    "target_ratio": 0.9404361593996685,
    "combined_score": 0.9404361593996685,
    "eval_time": 0.20952606201171875
  },
  "language": "python",
  "saved_at": 1764958548.725423
}