{
  "id": "2385e561-5207-4fdb-ae62-619e18de3954",
  "generation": 4,
  "iteration": 35,
  "timestamp": 1765007596.7446861,
  "parent_id": "bdadec95-7972-49d2-a9ee-7254ffbbe8b3",
  "metrics": {
    "validity": 1.0,
    "sum_radii": 2.5271874015944524,
    "target_ratio": 0.9590844028821452,
    "combined_score": 0.9590844028821452,
    "eval_time": 7.286967039108276
  },
  "language": "python",
  "saved_at": 1765007787.918565
}