{
  "id": "97f05a1c-8ce2-4da7-9dd9-d2518a126255",
  "generation": 2,
  "iteration": 14,
  "timestamp": 1764967216.754959,
  "parent_id": "3780900f-344a-4868-9c5e-cbfe8d57c1e8",
  "metrics": {
    "validity": 1.0,
    "sum_radii": 2.0729172543197496,
    "target_ratio": 0.7866858650169828,
    "combined_score": 0.7866858650169828,
    "eval_time": 1.1286320686340332
  },
  "language": "python",
  "saved_at": 1764967245.990449
}