{
  "iterations": [
    0,
    1,
    2,
    3,
    4,
    5,
    6,
    7,
    8,
    9,
    10,
    11,
    12,
    13,
    14,
    15,
    16,
    17,
    18,
    19,
    20,
    21,
    22,
    23,
    24,
    25,
    26,
    27,
    28,
    29,
    30,
    31,
    32,
    33,
    34,
    35,
    36,
    37,
    38,
    39,
    40,
    41,
    42,
    43,
    44,
    45,
    46,
    47,
    48,
    49,
    50
  ],
  "best_scores": [
    0.36423689449571406,
    0.8880455407969636,
    0.8880455407969636,
    0.8880455407969636,
    0.8880455407969636,
    0.8880455407969636,
    0.8880455407969636,
    0.8880455407969636,
    0.8880455407969636,
    0.8880455407969636,
    0.8880455407969636,
    0.8880455407969636,
    0.8880455407969636,
    0.8880455407969636,
    0.8880455407969636,
    0.8880455407969636,
    0.8880455407969636,
    0.9101616174834785,
    0.9101616174834785,
    0.9101616174834785,
    0.9101616174834785,
    0.9101616174834785,
    0.9108159392789372,
    0.9108159392789372,
    0.9108159392789372,
    0.9194410902190786,
    0.9194410902190786,
    0.9194410902190786,
    0.9222583505764115,
    0.9222583505764115,
    0.9222583505764115,
    0.9222583505764115,
    0.9222583505764115,
    0.9248975454566152,
    0.9248975454566152,
    0.9248975454566152,
    0.9248975454566152,
    0.9280374585789045,
    0.9280374585789045,
    0.9280374585789045,
    0.9280374585789045,
    0.9280374585789045,
    0.9280374585789045,
    0.9280374585789045,
    0.9280374585789045,
    0.9280374585789045,
    0.9280374585789045,
    0.9280374585789045,
    0.9280374585789045,
    0.9280374585789045,
    0.9280374585789045
  ],
  "final_score": 0.9280374585789045,
  "outer_iterations": 10,
  "inner_per_outer": 5,
  "total_programs": 49
}