{
  "best_score": 0.9280374585789045,
  "best_convergence_rate": 4.3101708481952485,
  "total_inner_iterations": 50,
  "total_outer_iterations": 10,
  "total_wall_clock_time": 690.168065071106,
  "comparison_to_baseline": null,
  "iteration_scores": [
    0.8880455407969636,
    0.8880455407969636,
    0.8880455407969636,
    0.9101616174834785,
    0.9101616174834785,
    0.9108159392789372,
    0.9222583505764115,
    0.9248975454566152,
    0.9253843936289976,
    0.9280374585789045
  ],
  "iteration_convergence_rates": [
    6.756410256410259,
    5.6303418803418825,
    5.6303418803418825,
    5.493529834651329,
    5.493529834651329,
    5.489583333333334,
    5.421474358974359,
    5.406004183448813,
    4.322528051627882,
    4.3101708481952485
  ]
}