{
  "id": "d50e4be6-b50f-4abe-bedb-fcefe94499f3",
  "generation": 2,
  "iteration": 8,
  "timestamp": 1764969481.252379,
  "parent_id": "ce786d6e-00d6-4185-9d47-1c4bd149689d",
  "metrics": {
    "validity": 1.0,
    "sum_radii": 2.0600000000000005,
    "target_ratio": 0.7817836812144215,
    "combined_score": 0.7817836812144215,
    "eval_time": 0.19890689849853516
  },
  "language": "python",
  "saved_at": 1764969512.760268
}