{
  "id": "e200cf16-bb48-44e6-a182-3f9f2e4a5dda",
  "generation": 1,
  "iteration": 2,
  "timestamp": 1764886716.414874,
  "parent_id": "410ab703-b56f-4e8c-83ad-7830cd8b8f1a",
  "metrics": {
    "validity": 1.0,
    "sum_radii": 1.9912679714877983,
    "target_ratio": 0.7556994199194681,
    "combined_score": 0.7556994199194681,
    "eval_time": 0.20681071281433105
  },
  "language": "python",
  "saved_at": 1764886759.644306
}