{
  "id": "f6e0b412-85e0-41e4-af4a-d193d3342d64",
  "generation": 1,
  "iteration": 1,
  "timestamp": 1764906599.997393,
  "parent_id": "bc8248ef-1c31-431b-ba9d-282837f1b827",
  "metrics": {
    "validity": 1.0,
    "sum_radii": 2.169038007376652,
    "target_ratio": 0.8231643291752001,
    "combined_score": 0.8231643291752001,
    "eval_time": 0.22463107109069824
  },
  "language": "python",
  "saved_at": 1764906664.046038
}