{
  "id": "712e37a9-7200-4076-9728-7e2b5de4dcfa",
  "generation": 1,
  "iteration": 4,
  "timestamp": 1765056579.968142,
  "parent_id": "6b651b98-13e1-4efe-b6c8-a347ea5d75ac",
  "metrics": {
    "validity": 1.0,
    "sum_radii": 2.329711431702997,
    "target_ratio": 0.8841409607981014,
    "combined_score": 0.8841409607981014,
    "eval_time": 0.22764110565185547
  },
  "language": "python",
  "saved_at": 1765056701.014996
}