{
  "id": "a4e3b56b-9e2b-4593-8abc-2265173cfc0f",
  "generation": 0,
  "iteration": 0,
  "timestamp": 1764890031.517596,
  "parent_id": null,
  "metrics": {
    "validity": 1.0,
    "sum_radii": 0.9597642169962064,
    "target_ratio": 0.36423689449571406,
    "combined_score": 0.36423689449571406
  },
  "language": "python",
  "saved_at": 1764890086.2231958
}