{
  "id": "22f7842f-be9a-492f-ab88-af8c4e69a6d7",
  "generation": 5,
  "iteration": 40,
  "timestamp": 1764963882.83115,
  "parent_id": "dcfedeac-bde8-4d70-9ff5-f225839572cf",
  "metrics": {
    "validity": 1.0,
    "sum_radii": 2.5214001968213897,
    "target_ratio": 0.9568881202358216,
    "combined_score": 0.9568881202358216,
    "eval_time": 6.056109189987183
  },
  "language": "python",
  "saved_at": 1764963953.9215941
}