{
  "id": "d75c0e3f-6b98-46e9-a211-0b3765f90391",
  "generation": 3,
  "iteration": 42,
  "timestamp": 1764918426.505404,
  "parent_id": "e66caf93-6c61-45e9-9352-c6828ea54b05",
  "metrics": {
    "validity": 1.0,
    "sum_radii": 2.48699196097916,
    "target_ratio": 0.943829966216,
    "combined_score": 0.943829966216,
    "eval_time": 0.13811016082763672
  },
  "language": "python",
  "saved_at": 1764918453.1311412
}