{
  "id": "780bddbf-8519-403f-8efb-84db70d936ba",
  "generation": 5,
  "iteration": 35,
  "timestamp": 1764926593.2044,
  "parent_id": "d8dc14ec-7763-47c8-8444-98739150a8b9",
  "metrics": {
    "validity": 1.0,
    "sum_radii": 2.4903731930463655,
    "target_ratio": 0.945113166241505,
    "combined_score": 0.945113166241505,
    "eval_time": 0.17824363708496094
  },
  "language": "python",
  "saved_at": 1764926657.216854
}