{
  "best_score": 0.949925253467934,
  "best_convergence_rate": 5.2635720355325635,
  "total_inner_iterations": 50,
  "total_outer_iterations": 10,
  "total_wall_clock_time": 645.4950573444366,
  "comparison_to_baseline": null,
  "iteration_scores": [
    0.36423689449571406,
    0.9256038959694769,
    0.9256038959694769,
    0.9256038959694769,
    0.9256038959694769,
    0.9256038959694769,
    0.9256038959694769,
    0.9256038959694769,
    0.949925253467934,
    0.949925253467934
  ],
  "iteration_convergence_rates": [
    16.472795838837246,
    5.401878732114674,
    6.482254478537608,
    5.401878732114674,
    5.401878732114674,
    5.401878732114674,
    6.482254478537608,
    5.401878732114674,
    5.2635720355325635,
    5.2635720355325635
  ]
}