{
  "id": "286aea30-f51d-4213-9422-29b391984e0a",
  "generation": 1,
  "iteration": 2,
  "timestamp": 1764897920.346793,
  "parent_id": "0c48e01c-e1cf-4d5d-992f-d71dd2f2331d",
  "metrics": {
    "validity": 1.0,
    "sum_radii": 2.4389662658795714,
    "target_ratio": 0.9256038959694769,
    "combined_score": 0.9256038959694769,
    "eval_time": 0.07046294212341309
  },
  "language": "python",
  "saved_at": 1764898128.452283
}