{
  "id": "ea5bbdda-29c7-4173-bc21-7d3c3027a252",
  "generation": 2,
  "iteration": 12,
  "timestamp": 1764960171.2047129,
  "parent_id": "5e80d304-b000-422a-a6e9-dad951143ab0",
  "metrics": {
    "validity": 1.0,
    "sum_radii": 2.438966267382071,
    "target_ratio": 0.9256038965396854,
    "combined_score": 0.9256038965396854,
    "eval_time": 0.4756319522857666
  },
  "language": "python",
  "saved_at": 1764960199.364453
}