{
  "id": "0de57113-77cf-4180-94e2-ae9168c6877c",
  "generation": 4,
  "iteration": 35,
  "timestamp": 1764928140.066388,
  "parent_id": "314895ad-56f0-4836-9a10-808cc2cdaa60",
  "metrics": {
    "validity": 1.0,
    "sum_radii": 2.5043563635498525,
    "target_ratio": 0.9504198723149346,
    "combined_score": 0.9504198723149346,
    "eval_time": 0.6922481060028076
  },
  "language": "python",
  "saved_at": 1764928231.042167
}