{
  "id": "9370f8ea-14dc-4b0f-89e1-d9c1b047e0d9",
  "generation": 2,
  "iteration": 6,
  "timestamp": 1764894182.64293,
  "parent_id": "3023f419-fdd1-4f96-a017-fdbf96b94327",
  "metrics": {
    "validity": 1.0,
    "sum_radii": 2.4389660358428955,
    "target_ratio": 0.9256038086690306,
    "combined_score": 0.9256038086690306,
    "eval_time": 0.053276777267456055
  },
  "language": "python",
  "saved_at": 1764894202.268391
}