{
  "id": "ee1f4c20-5f90-415f-8982-bd3a291d3f78",
  "generation": 1,
  "iteration": 2,
  "timestamp": 1764886863.8825128,
  "parent_id": "cd872452-bc6a-422d-b62c-b56bd7e43499",
  "metrics": {
    "validity": 1.0,
    "sum_radii": 2.1799999999999997,
    "target_ratio": 0.8273244781783681,
    "combined_score": 0.8273244781783681,
    "eval_time": 0.2109360694885254
  },
  "language": "python",
  "saved_at": 1764886900.460592
}