{
  "id": "3f0a5006-353a-42f9-85f1-00fa2da1cced",
  "generation": 5,
  "iteration": 40,
  "timestamp": 1764924411.042546,
  "parent_id": "163fd6bc-6ebb-433b-a4bd-2752c997414d",
  "metrics": {
    "validity": 1.0,
    "sum_radii": 2.5101553709695206,
    "target_ratio": 0.9526206341440306,
    "combined_score": 0.9526206341440306,
    "eval_time": 0.0741732120513916
  },
  "language": "python",
  "saved_at": 1764924442.938941
}