{
  "iterations": [
    0,
    1,
    2,
    3,
    4,
    5,
    6,
    7,
    8,
    9,
    10,
    11,
    12,
    13,
    14,
    15,
    16,
    17,
    18,
    19,
    20,
    21,
    22,
    23,
    24,
    25,
    26,
    27,
    28,
    29,
    30,
    31,
    32,
    33,
    34,
    35,
    36,
    37,
    38,
    39,
    40,
    41,
    42,
    43,
    44,
    45,
    46,
    47,
    48,
    49,
    50
  ],
  "best_scores": [
    0.36423689449571406,
    0.36423689449571406,
    0.36423689449571406,
    0.36423689449571406,
    0.8222643896268187,
    0.8222643896268187,
    0.8222643896268187,
    0.8222643896268187,
    0.8222643896268187,
    0.8222643896268187,
    0.9256038965387609,
    0.9256038965387609,
    0.9256038965387609,
    0.9256038965387609,
    0.9256038965387609,
    0.9256038965387609,
    0.9256038965387609,
    0.9256038965387609,
    0.9256038965387609,
    0.9256038965387609,
    0.93453888813483,
    0.93453888813483,
    0.93453888813483,
    0.93453888813483,
    0.93453888813483,
    0.93453888813483,
    0.93453888813483,
    0.93453888813483,
    0.9453807330795773,
    0.9453807330795773,
    0.9453807330795773,
    0.9453807330795773,
    0.9453807330795773,
    0.9491859519406611,
    0.9491859519406611,
    0.9491859519406611,
    0.9491859519406611,
    0.9491859519406611,
    0.9491859519406611,
    0.9491859519406611,
    0.9491859519406611,
    0.9491859519406611,
    0.9491859519406611,
    0.9491859519406611,
    0.9491859519406611,
    0.9491859519406611,
    0.9494926598765506,
    0.9494926598765506,
    0.9494926598765506,
    0.9494926598765506,
    0.9494926598765506
  ],
  "final_score": 0.9494926598765506,
  "outer_iterations": 2,
  "inner_per_outer": 25,
  "total_programs": 51
}