{
  "id": "ca026fd5-5d89-46f3-b83e-1b1b089bbc5f",
  "generation": 0,
  "iteration": 0,
  "timestamp": 1764887263.107957,
  "parent_id": null,
  "metrics": {
    "validity": 1.0,
    "sum_radii": 0.9597642169962064,
    "target_ratio": 0.36423689449571406,
    "combined_score": 0.36423689449571406
  },
  "language": "python",
  "saved_at": 1764887319.398893
}