{
  "id": "7ce33600-323d-4eb9-b51a-1ce24ad55982",
  "generation": 2,
  "iteration": 9,
  "timestamp": 1764968791.793696,
  "parent_id": "e5e3baa0-417b-44cb-a3c6-7e7203923653",
  "metrics": {
    "validity": 1.0,
    "sum_radii": 2.2637964584436254,
    "target_ratio": 0.8591257906806928,
    "combined_score": 0.8591257906806928,
    "eval_time": 0.25164318084716797
  },
  "language": "python",
  "saved_at": 1764968792.046241
}