{
  "id": "d3578787-88ba-4129-9b80-13a5583b91c9",
  "generation": 2,
  "iteration": 9,
  "timestamp": 1765057999.460418,
  "parent_id": "5da2fbaf-8e9f-43bf-9e1b-b30b7e3fcde4",
  "metrics": {
    "validity": 1.0,
    "sum_radii": 1.617196997749522,
    "target_ratio": 0.6137370010434618,
    "combined_score": 0.6137370010434618,
    "eval_time": 0.1781771183013916
  },
  "language": "python",
  "saved_at": 1765058002.1451678
}