{
  "id": "b2e37c22-1065-4114-98de-5ecd0110902f",
  "generation": 6,
  "iteration": 169,
  "current_iteration": 200,
  "metrics": {
    "validity": 1.0,
    "sum_radii": 2.524504674488625,
    "target_ratio": 0.9580662901285104,
    "combined_score": 0.9580662901285104,
    "eval_time": 9.266126871109009
  },
  "language": "python",
  "timestamp": 1764885033.235563,
  "saved_at": 1764885921.908766
}