{
  "id": "9658272e-5227-4dec-95c7-2d3694f6abbe",
  "generation": 2,
  "iteration": 39,
  "timestamp": 1764930001.735019,
  "parent_id": "f4a144fa-f93c-41cf-9018-e915492e49df",
  "metrics": {
    "validity": 1.0,
    "sum_radii": 2.456558520854334,
    "target_ratio": 0.9322802735690073,
    "combined_score": 0.9322802735690073,
    "eval_time": 0.34389305114746094
  },
  "language": "python",
  "saved_at": 1764930064.515826
}