{
  "id": "dd694ec8-c9bc-4b43-9fc2-c7af538e5d2b",
  "generation": 2,
  "iteration": 7,
  "timestamp": 1764968960.034652,
  "parent_id": "b801eeeb-b8d9-4efd-9168-ef58e02053b5",
  "metrics": {
    "validity": 1.0,
    "sum_radii": 2.4645157858663858,
    "target_ratio": 0.935300108488192,
    "combined_score": 0.935300108488192,
    "eval_time": 0.6813018321990967
  },
  "language": "python",
  "saved_at": 1764968995.076
}