{
  "id": "c1070bc8-9674-488f-98e5-ae374d4fbb24",
  "generation": 2,
  "iteration": 44,
  "timestamp": 1764919757.880855,
  "parent_id": "8121ac16-8bf3-48b3-89c7-b15eb751dd2a",
  "metrics": {
    "validity": 1.0,
    "sum_radii": 2.438966267382074,
    "target_ratio": 0.9256038965396866,
    "combined_score": 0.9256038965396866,
    "eval_time": 0.05982017517089844
  },
  "language": "python",
  "saved_at": 1764919965.633554
}