{
  "id": "eedc2de7-82e3-4cb6-82be-5f8dbab359a3",
  "generation": 2,
  "iteration": 10,
  "timestamp": 1764971961.763793,
  "parent_id": "7835f882-a7e7-45f4-865d-185f43652d39",
  "metrics": {
    "validity": 1.0,
    "sum_radii": 2.0319086866348646,
    "target_ratio": 0.7711228412276526,
    "combined_score": 0.7711228412276526,
    "eval_time": 0.502173900604248
  },
  "language": "python",
  "saved_at": 1764971961.9983912
}