{
  "id": "f98574bf-2ce7-4545-9c24-0a793ebb441d",
  "generation": 2,
  "iteration": 9,
  "timestamp": 1764907603.881845,
  "parent_id": "fbf54e1d-18d7-4631-b1f2-34fc210c3bc3",
  "metrics": {
    "validity": 1.0,
    "sum_radii": 2.3962334492325614,
    "target_ratio": 0.9093865082476514,
    "combined_score": 0.9093865082476514,
    "eval_time": 1.4305987358093262
  },
  "language": "python",
  "saved_at": 1764907604.097978
}