{
  "id": "a666f1c3-e42b-479c-840e-531c3cd00f76",
  "generation": 0,
  "iteration": 0,
  "timestamp": 1764875139.432069,
  "parent_id": null,
  "metrics": {
    "validity": 1.0,
    "sum_radii": 0.9597642169962064,
    "target_ratio": 0.36423689449571406,
    "combined_score": 0.36423689449571406
  },
  "language": "python",
  "saved_at": 1764875215.9296231
}