{
  "id": "dea06270-bfe5-4b39-a20b-875579bf9cba",
  "generation": 5,
  "iteration": 200,
  "current_iteration": 200,
  "metrics": {
    "runs_successfully": 1.0,
    "composite_score": 0.42051505787188026,
    "output_length": 91.0,
    "overall_score": 0.38035985150742124,
    "slope_changes": 68.0,
    "lag_error": 0.9780360456577567,
    "avg_error": 1.2635358917076889,
    "false_reversals": 57.8,
    "correlation": 0.3334964145206184,
    "noise_reduction": 0.0,
    "smoothness_score": 0.22727272727272727,
    "responsiveness_score": 0.5055519600844635,
    "accuracy_score": 0.3334964145206184,
    "efficiency_score": 1.0,
    "execution_time": 0.00033888816833496096,
    "success_rate": 1.0
  },
  "language": "python",
  "timestamp": 1764938070.895555,
  "saved_at": 1764938071.0023181
}