{
  "id": "5e84778d-383e-456c-abb7-262c72a7f035",
  "generation": 2,
  "iteration": 9,
  "timestamp": 1764981153.3505101,
  "parent_id": "eeb02a16-bd6c-45ce-9831-8e91824b1bfd",
  "metrics": {
    "validity": 1.0,
    "sum_radii": 2.29995458811804,
    "target_ratio": 0.8728480410315144,
    "combined_score": 0.8728480410315144,
    "eval_time": 2.922079086303711
  },
  "language": "python",
  "saved_at": 1764981153.579574
}