{
  "id": "cf184b97-80db-4129-9d44-d05e6a16fd98",
  "generation": 8,
  "iteration": 279,
  "current_iteration": 300,
  "metrics": {
    "runs_successfully": 1.0,
    "composite_score": 0.4205150578718804,
    "output_length": 91.0,
    "overall_score": 0.38035985150742135,
    "slope_changes": 68.0,
    "lag_error": 0.9780360456577568,
    "avg_error": 1.2635358917076887,
    "false_reversals": 57.8,
    "correlation": 0.3334964145206185,
    "noise_reduction": 0.0,
    "smoothness_score": 0.22727272727272727,
    "responsiveness_score": 0.5055519600844633,
    "accuracy_score": 0.3334964145206185,
    "efficiency_score": 1.0,
    "execution_time": 0.0005160331726074219,
    "success_rate": 1.0
  },
  "language": "python",
  "timestamp": 1764938668.355916,
  "saved_at": 1764938853.576721
}