{
  "id": "2b1fe89c-29d8-4bef-9725-610106e51704",
  "generation": 1,
  "iteration": 1,
  "timestamp": 1765049473.346603,
  "parent_id": "f8b99edd-c940-4e93-812e-7923e16233c4",
  "metrics": {
    "validity": 1.0,
    "sum_radii": 2.438966267724693,
    "target_ratio": 0.9256038966697128,
    "combined_score": 0.9256038966697128,
    "eval_time": 0.16724133491516113
  },
  "language": "python",
  "saved_at": 1765049556.294375
}