{
  "id": "21811208-04b8-47a4-89c6-2c47d3637925",
  "generation": 2,
  "iteration": 6,
  "timestamp": 1764897856.215625,
  "parent_id": "8fd80abf-41aa-4e73-b843-ccd03c76ff1e",
  "metrics": {
    "validity": 1.0,
    "sum_radii": 2.4389660358428955,
    "target_ratio": 0.9256038086690306,
    "combined_score": 0.9256038086690306,
    "eval_time": 0.06543183326721191
  },
  "language": "python",
  "saved_at": 1764897856.4831302
}