{
  "id": "0de52b66-499c-4c3a-8737-0d8eb4608e83",
  "generation": 3,
  "iteration": 15,
  "timestamp": 1765037070.560392,
  "parent_id": "a0aadec1-23c0-415e-8e89-f0158515258d",
  "metrics": {
    "validity": 1.0,
    "sum_radii": 2.5172446021717962,
    "target_ratio": 0.955311044467475,
    "combined_score": 0.955311044467475,
    "eval_time": 50.59292387962341
  },
  "language": "python",
  "saved_at": 1765037150.2770638
}