{
  "id": "f7902572-c6a3-4da2-851c-e3ab93f73f94",
  "generation": 1,
  "iteration": 3,
  "timestamp": 1764895323.1769652,
  "parent_id": "84c3478f-c535-4b16-9db6-efb9afe634ab",
  "metrics": {
    "validity": 1.0,
    "sum_radii": 2.339999691600012,
    "target_ratio": 0.8880454237571204,
    "combined_score": 0.8880454237571204,
    "eval_time": 0.2681090831756592
  },
  "language": "python",
  "saved_at": 1764895353.4321961
}