{
  "id": "fdc3efe8-2118-4334-82b4-4ce8b13d3f8b",
  "generation": 2,
  "iteration": 37,
  "timestamp": 1764921285.119435,
  "parent_id": "bab4abb4-0f18-4279-9039-f1b6742c97b6",
  "metrics": {
    "validity": 1.0,
    "sum_radii": 2.4535253119030425,
    "target_ratio": 0.9311291506273407,
    "combined_score": 0.9311291506273407,
    "eval_time": 0.04007387161254883
  },
  "language": "python",
  "saved_at": 1764921351.68155
}