{
  "id": "a0564d3d-54e7-4ea5-92b4-4b3ff85fd604",
  "generation": 2,
  "iteration": 9,
  "timestamp": 1764902054.843568,
  "parent_id": "512acb14-9042-4c5c-bcd5-fbb6a2a36aa1",
  "metrics": {
    "validity": 1.0,
    "sum_radii": 2.6104054828600667,
    "target_ratio": 0.9906662174041999,
    "combined_score": 0.9906662174041999,
    "eval_time": 2.3678300380706787
  },
  "language": "python",
  "saved_at": 1764902055.062886
}